,Unnamed: 0,page,product_link,img_link,product_name,star,review_count,ingredient,brand_name,type
0,1,1,https://www.oliveyoung.co.kr/store/goods/getGoodsDetail.do?goodsNo=A000000127422&dispCatNo=1000001000400080005&trackingCd=Cat1000001000400080005_Small&t_page=카테고리관&t_click=샴푸바/드라이샴푸_소_샴푸바/드라이샴푸__상품상세&t_number=2,https://image.oliveyoung.co.kr/cfimages/cf-goods/uploads/images/thumbnails/550/10/0000/0012/A00000012742239ko.jpg?l=ko,클로란 네틀 노세범 드라이샴푸 150ml/50ml (극지성두피),4.6,2244,"부탄, 프로판, 이소부탄, 쌀전분, 변성알코올39-C, 사이클로덱스트린, 사이클로펜타실록세인, 실리카, 아이소프로필미리스테이트, 사이클로헥사실록세인, 알루미늄전분옥테닐석시네이트, 세트리모늄클로라이드, 향료, 프로필렌글라이콜, 정제수, 폴리솔베이트20, 쐐기풀뿌리추출물(0.000115%)",클로란,
1,2,1,https://www.oliveyoung.co.kr/store/goods/getGoodsDetail.do?goodsNo=A000000146241&dispCatNo=1000001000400080005&trackingCd=Cat1000001000400080005_Small&t_page=카테고리관&t_click=샴푸바/드라이샴푸_소_샴푸바/드라이샴푸__상품상세&t_number=3,https://image.oliveyoung.co.kr/cfimages/cf-goods/uploads/images/thumbnails/550/10/0000/0014/A00000014624105ko.jpg?l=ko,동구밭 올바른 샴푸바 중건성용 100g,4.7,554,"소듐코코일이세티오네이트, 코코-베타인, 피마자씨오일, 코코넛야자오일, 아르간커넬오일, 시금치가루, 병풀추출물, 다시마추출물, 동백나무씨오일, 자몽씨오일",동구밭,
2,3,1,https://www.oliveyoung.co.kr/store/goods/getGoodsDetail.do?goodsNo=A000000166375&dispCatNo=1000001000400080005&trackingCd=Cat1000001000400080005_Small&t_page=카테고리관&t_click=샴푸바/드라이샴푸_소_샴푸바/드라이샴푸__상품상세&t_number=4,https://image.oliveyoung.co.kr/cfimages/cf-goods/uploads/images/thumbnails/550/10/0000/0016/A00000016637518ko.jpg?l=ko,클로란 드라이샴푸 150ml (쿨세범/노세범) 택1,4.7,1398,"클로란 네틀 노세범 드라이 샴푸 : 부탄,프로판,쌀전분,이소부탄,변성알코올39-C,사이클로덱스트린,사이클로펜타실록세인,실리카,아이소프로필미리스테이트,사이클로헥사실록세인,알루미늄전분옥테닐석시네이트,향료,세트리모늄클로라이드,프로필렌글라이콜,정제수,폴리솔베이트20,쐐기풀뿌리추출물클로란 아쿠아민트 드라이 샴푸 : 부탄,프로판,쌀전분,아이소부탄,에탄올,워터민트꽃/잎/줄기추출물(0.000174%),알루미늄전분옥테닐석시네이트,벤질살리실레이트,세트리모늄클로라이드,시트릭애씨드,사이클로덱스트린,유칼립투스잎오일,향료,적색산화철,황색산화철,흑색산화철,아이소프로필미리스테이트,리날룰,스피어민트잎오일,멘톨,프로판다이올,토코페릴아세테이트,정제수",클로란,
3,4,1,https://www.oliveyoung.co.kr/store/goods/getGoodsDetail.do?goodsNo=A000000146240&dispCatNo=1000001000400080005&trackingCd=Cat1000001000400080005_Small&t_page=카테고리관&t_click=샴푸바/드라이샴푸_소_샴푸바/드라이샴푸__상품상세&t_number=5,https://image.oliveyoung.co.kr/cfimages/cf-goods/uploads/images/thumbnails/550/10/0000/0014/A00000014624002ko.jpg?l=ko,동구밭 올바른 천연 린스바 100g,4.7,309,,동구밭,
4,5,1,https://www.oliveyoung.co.kr/store/goods/getGoodsDetail.do?goodsNo=A000000111829&dispCatNo=1000001000400080005&trackingCd=Cat1000001000400080005_Small&t_page=카테고리관&t_click=샴푸바/드라이샴푸_소_샴푸바/드라이샴푸__상품상세&t_number=6,https://image.oliveyoung.co.kr/cfimages/cf-goods/uploads/images/thumbnails/550/10/0000/0011/A00000011182920ko.jpg?l=ko,코랩 비건 드라이샴푸 200ml 4종 택1,4.5,4131,,코랩,
5,6,1,https://www.oliveyoung.co.kr/store/goods/getGoodsDetail.do?goodsNo=A000000011484&dispCatNo=1000001000400080005&trackingCd=Cat1000001000400080005_Small&t_page=카테고리관&t_click=샴푸바/드라이샴푸_소_샴푸바/드라이샴푸__상품상세&t_number=7,https://image.oliveyoung.co.kr/cfimages/cf-goods/uploads/images/thumbnails/550/10/0000/0001/A00000001148406ko.jpg?l=ko,바티스트 드라이샴푸 오리지널 50ml,4.7,13528,"■ 부탄, 아이소부탄, 프로판, 쌀전분, 변성알코올, 향료, 세트리모늄클로라이드,다이스테아릴다이모늄클로라이드, 알파-아이소메틸아이오논, 벤질벤조에이트, 벤질살리실레이트, 시트랄, 제라니올, 리모넨, 리날룰",바티스트,
6,7,1,https://www.oliveyoung.co.kr/store/goods/getGoodsDetail.do?goodsNo=A000000131226&dispCatNo=1000001000400080005&trackingCd=Cat1000001000400080005_Small&t_page=카테고리관&t_click=샴푸바/드라이샴푸_소_샴푸바/드라이샴푸__상품상세&t_number=8,https://image.oliveyoung.co.kr/cfimages/cf-goods/uploads/images/thumbnails/550/10/0000/0013/A00000013122603ko.jpg?l=ko,쏘내추럴 오일 컷 헤어 드라이 파우더 20g,4.7,199,"알루미늄스타치옥테닐석시네이트, 실리카, 합성플루오르플로고파이트, 옥수수전분, 마그네슘스테아레이트, 로즈마리잎오일, 캐모마일꽃추출물, 페퍼민트추출물, 라벤더꽃추출물, 감자추출물, 카프릴릴글라이콜, 에칠헥실글리세린, 하이드록시프로필비스팔미타마이드엠이에이, 정제수, 프로필렌글라이콜, 트리에톡시카프릴릴실란, 부틸렌글라이콜, 1,2-헥산디올, 황색산화철 (CI 77492), 적색산화철 (CI 77491) ,흑색산화철 (CI 77499)",쏘내추럴,"지성,건성"
7,8,1,https://www.oliveyoung.co.kr/store/goods/getGoodsDetail.do?goodsNo=A000000204193&dispCatNo=1000001000400080005&trackingCd=Cat1000001000400080005_Small&t_page=카테고리관&t_click=샴푸바/드라이샴푸_소_샴푸바/드라이샴푸__상품상세&t_number=9,https://image.oliveyoung.co.kr/cfimages/cf-goods/uploads/images/thumbnails/550/10/0000/0020/A00000020419306ko.jpg?l=ko,달리프 글램 노세범 헤어 팩트 5g,4.6,137,"탤크,마이카,징크스테아레이트,페닐트라이메티콘,나일론-12,티타늄디옥사이드,실리카,카프릴릭/카프릭글리세라이즈,알루미늄전분옥테닐석시네이트,폴리 메틸실세스퀴옥세인,카프릴릭/카프릭트라이글리세라이드,1,2-헥산다이올,트라이에톡시카프릴릴실레인,다이메티콘,메티콘,향료,판테놀,옥수수전분,정제수, 리날룰,헥실신남알,글리세린,리모넨,시트로넬올,제라니올,부틸렌글라이콜,녹차추출물,시트랄",달리프,"지성,건성,탈모,민감성"
8,9,1,https://www.oliveyoung.co.kr/store/goods/getGoodsDetail.do?goodsNo=A000000011439&dispCatNo=1000001000400080005&trackingCd=Cat1000001000400080005_Small&t_page=카테고리관&t_click=샴푸바/드라이샴푸_소_샴푸바/드라이샴푸__상품상세&t_number=10,https://image.oliveyoung.co.kr/cfimages/cf-goods/uploads/images/thumbnails/550/10/0000/0001/A00000001143906ko.jpg?l=ko,바티스트 드라이샴푸 후레쉬 200ml,4.7,5214,"■ 부탄, 아이소부탄, 프로판, 쌀전분, 변성알코올, 향료, 다이스테아릴다이모늄클로라이드, 세트리모늄클로라이드, 부틸페닐메틸프로피오날, 벤질살리실레이트, 헥실신남알, 하이드록시시트로넬알, 리모넨, 리날룰",바티스트,
9,10,1,https://www.oliveyoung.co.kr/store/goods/getGoodsDetail.do?goodsNo=A000000141612&dispCatNo=1000001000400080005&trackingCd=Cat1000001000400080005_Small&t_page=카테고리관&t_click=샴푸바/드라이샴푸_소_샴푸바/드라이샴푸__상품상세&t_number=11,https://image.oliveyoung.co.kr/cfimages/cf-goods/uploads/images/thumbnails/550/10/0000/0014/A00000014161244ko.jpg?l=ko,클로란 아쿠아민트 쿨세범 드라이샴푸 150ml (지성두피&쿨링),4.6,2040,,클로란,
10,12,1,https://www.oliveyoung.co.kr/store/goods/getGoodsDetail.do?goodsNo=A000000130685&dispCatNo=1000001000400080005&trackingCd=Cat1000001000400080005_Small&t_page=카테고리관&t_click=샴푸바/드라이샴푸_소_샴푸바/드라이샴푸__상품상세&t_number=13,https://image.oliveyoung.co.kr/cfimages/cf-goods/uploads/images/thumbnails/550/10/0000/0013/A00000013068524ko.jpg?l=ko,코랩 드라이샴푸 오리지널 50ml+50ml(더블기획),4.6,629,"부탄, 아이소부탄, 프로판, 변성알코올, 알루미늄스타치옥테닐석시네이트, 향료, 시트로넬올, 리모넨, 제라니올, 헥실신남알, 하이드록시시트로넬알",코랩,
11,13,1,https://www.oliveyoung.co.kr/store/goods/getGoodsDetail.do?goodsNo=A000000111827&dispCatNo=1000001000400080005&trackingCd=Cat1000001000400080005_Small&t_page=카테고리관&t_click=샴푸바/드라이샴푸_소_샴푸바/드라이샴푸__상품상세&t_number=14,https://image.oliveyoung.co.kr/cfimages/cf-goods/uploads/images/thumbnails/550/10/0000/0011/A00000011182719ko.jpg?l=ko,코랩 드라이샴푸 유니콘 200ml(자스민&바닐라향),4.5,1897,"부탄, 아이소부탄, 프로판, 변성알코올, 알루미늄스타치옥테닐석시네이트, 향료, 부틸페닐메틸프로피오날, 벤질살리실레이트, 리모넨, 제라니올, 헥실신남알, 리날룰",코랩,
12,14,1,https://www.oliveyoung.co.kr/store/goods/getGoodsDetail.do?goodsNo=A000000190569&dispCatNo=1000001000400080005&trackingCd=Cat1000001000400080005_Small&t_page=카테고리관&t_click=샴푸바/드라이샴푸_소_샴푸바/드라이샴푸__상품상세&t_number=15,https://image.oliveyoung.co.kr/cfimages/cf-goods/uploads/images/thumbnails/550/10/0000/0019/A00000019056901ko.jpg?l=ko,바티스트 드라이샴푸 50ml/200ml 16종 택 1,4.7,31149,상세페이지참조,바티스트,
13,15,1,https://www.oliveyoung.co.kr/store/goods/getGoodsDetail.do?goodsNo=A000000009617&dispCatNo=1000001000400080005&trackingCd=Cat1000001000400080005_Small&t_page=카테고리관&t_click=샴푸바/드라이샴푸_소_샴푸바/드라이샴푸__상품상세&t_number=16,https://image.oliveyoung.co.kr/cfimages/cf-goods/uploads/images/thumbnails/550/10/0000/0000/A00000000961706ko.jpg?l=ko,바티스트 드라이샴푸 블러쉬 50ml,4.6,3425,"■ 부탄,아이소부탄,프로판,쌀전분,변성알코올,향료,세트리모늄클로라이드,다이스테아릴다이모늄클로라이드,아밀신남알,시트로넬올,헥실신남알,리날룰",바티스트,
14,16,1,https://www.oliveyoung.co.kr/store/goods/getGoodsDetail.do?goodsNo=A000000013989&dispCatNo=1000001000400080005&trackingCd=Cat1000001000400080005_Small&t_page=카테고리관&t_click=샴푸바/드라이샴푸_소_샴푸바/드라이샴푸__상품상세&t_number=17,https://image.oliveyoung.co.kr/cfimages/cf-goods/uploads/images/thumbnails/550/10/0000/0001/A00000001398906ko.jpg?l=ko,바티스트 드라이샴푸 체리 200ml,4.7,379,"■ 부탄,아이소부탄,프로판,쌀전분,변성알코올,향료,세트리모늄클로라이드,다이스테아릴다이모늄클로라이드,리모넨,리날룰",바티스트,
15,17,1,https://www.oliveyoung.co.kr/store/goods/getGoodsDetail.do?goodsNo=A000000016070&dispCatNo=1000001000400080005&trackingCd=Cat1000001000400080005_Small&t_page=카테고리관&t_click=샴푸바/드라이샴푸_소_샴푸바/드라이샴푸__상품상세&t_number=18,https://image.oliveyoung.co.kr/cfimages/cf-goods/uploads/images/thumbnails/550/10/0000/0001/A00000001607006ko.jpg?l=ko,바티스트 드라이샴푸 플로랄 200ml,4.7,1678,"■ 부탄,아이소부탄,프로판,쌀전분,변성알코올,향료,다이스테아릴다이모늄클로라이드,세트리모늄클로라이드,알파-아이소메틸아이오논,시트로넬올,제라니올,헥실신남알,리모넨,리날룰",바티스트,
16,18,1,https://www.oliveyoung.co.kr/store/goods/getGoodsDetail.do?goodsNo=A000000111697&dispCatNo=1000001000400080005&trackingCd=Cat1000001000400080005_Small&t_page=카테고리관&t_click=샴푸바/드라이샴푸_소_샴푸바/드라이샴푸__상품상세&t_number=19,https://image.oliveyoung.co.kr/cfimages/cf-goods/uploads/images/thumbnails/550/10/0000/0011/A00000011169717ko.jpg?l=ko,코랩 드라이샴푸 트로피칼 200ml(파파야&파인애플향),4.6,741,"부탄, 아이소부탄, 프로판, 변성알코올, 알루미늄스타치옥테닐석시네이트, 향료",코랩,
17,19,1,https://www.oliveyoung.co.kr/store/goods/getGoodsDetail.do?goodsNo=A000000111831&dispCatNo=1000001000400080005&trackingCd=Cat1000001000400080005_Small&t_page=카테고리관&t_click=샴푸바/드라이샴푸_소_샴푸바/드라이샴푸__상품상세&t_number=20,https://image.oliveyoung.co.kr/cfimages/cf-goods/uploads/images/thumbnails/550/10/0000/0011/A00000011183116ko.jpg?l=ko,[비건]코랩 드라이샴푸 파라다이스 200ml(시트러스&코코넛향),4.6,642,"부탄, 아이소부탄, 프로판, 변성알코올, 알루미늄스타치옥테닐석시네이트, 향료, 부틸페닐메틸프로피오날, 벤질알코올, 벤질살리실레이트, 리모넨, 리날룰",코랩,
18,20,1,https://www.oliveyoung.co.kr/store/goods/getGoodsDetail.do?goodsNo=A000000146237&dispCatNo=1000001000400080005&trackingCd=Cat1000001000400080005_Small&t_page=카테고리관&t_click=샴푸바/드라이샴푸_소_샴푸바/드라이샴푸__상품상세&t_number=21,https://image.oliveyoung.co.kr/cfimages/cf-goods/uploads/images/thumbnails/550/10/0000/0014/A00000014623702ko.jpg?l=ko,동구밭 올바른 샴푸바 쿨링용 100g,4.7,209,"소듐코코일이세티오네이트, 코코-베타인, 올리브오일, 호호바씨오일, 병풀추출물, 다시마추출물, 멘톨, 스피어민트잎오일, 인디고잎가루, 토코페롤",동구밭,
19,21,1,https://www.oliveyoung.co.kr/store/goods/getGoodsDetail.do?goodsNo=A000000146243&dispCatNo=1000001000400080005&trackingCd=Cat1000001000400080005_Small&t_page=카테고리관&t_click=샴푸바/드라이샴푸_소_샴푸바/드라이샴푸__상품상세&t_number=22,https://image.oliveyoung.co.kr/cfimages/cf-goods/uploads/images/thumbnails/550/10/0000/0014/A00000014624302ko.jpg?l=ko,동구밭 올바른 샴푸바 지성용 100g,4.8,545,"소듐코코일이세티오네이트, 코코-베타인, 코코넛야자오일, 올리브오일, 아르간커넬오일, 당호박가루, 마트리카리아오일, 라벤더오일, 다시마추출물",동구밭,
20,22,1,https://www.oliveyoung.co.kr/store/goods/getGoodsDetail.do?goodsNo=A000000161053&dispCatNo=1000001000400080005&trackingCd=Cat1000001000400080005_Small&t_page=카테고리관&t_click=샴푸바/드라이샴푸_소_샴푸바/드라이샴푸__상품상세&t_number=23,https://image.oliveyoung.co.kr/cfimages/cf-goods/uploads/images/thumbnails/550/10/0000/0016/A00000016105306ko.jpg?l=ko,코랩 드라이샴푸 유니콘(200ml+50ml/올리브영 단독),4.5,2699,"부탄, 아이소부탄, 프로판, 변성알코올, 알루미늄스타치옥테닐석시네이트, 향료, 시트로넬올, 리모넨, 제라니올, 헥실신남알, 하이드록시시트로넬알,",코랩,
21,23,1,https://www.oliveyoung.co.kr/store/goods/getGoodsDetail.do?goodsNo=A000000161054&dispCatNo=1000001000400080005&trackingCd=Cat1000001000400080005_Small&t_page=카테고리관&t_click=샴푸바/드라이샴푸_소_샴푸바/드라이샴푸__상품상세&t_number=24,https://image.oliveyoung.co.kr/cfimages/cf-goods/uploads/images/thumbnails/550/10/0000/0016/A00000016105410ko.jpg?l=ko,[올리브영 단독] 코랩 드라이샴푸 200ml+50ml 3종 택1,4.6,6140,,코랩,
22,24,2,https://www.oliveyoung.co.kr/store/goods/getGoodsDetail.do?goodsNo=A000000163051&dispCatNo=1000001000400080005&trackingCd=Cat1000001000400080005_Small&t_page=카테고리관&t_click=샴푸바/드라이샴푸_소_샴푸바/드라이샴푸__상품상세&t_number=1,https://image.oliveyoung.co.kr/cfimages/cf-goods/uploads/images/thumbnails/550/10/0000/0016/A00000016305111ko.jpg?l=ko,포맨트 비어틴 탈모케어 퍼퓸 샴푸 500ml (코튼허그),4.7,78,"정제수, 맥주효모추출물, 코카미도프로필베타인, 다이소듐라우레스설포석시네이트, 소듐라우로일메틸아미노프로피오네이트, 티이에이-코코일글루타메이트, 코카마이드엠이에이, 코카마이드메틸엠이에이, 소듐클로라이드, 향료, 소듐벤조에이트, 폴리쿼터늄-10, 변성알코올, 글리세린, 1,2-헥산다이올, 덱스판테놀, 살리실릭애씨드, 나이아신아마이드, 시트릭애씨드, 브로콜리추출물, 사철쑥추출물, 양파추출물, 부틸렌글라이콜, 펜타소듐펜테테이트, 멘틸락테이트, 바이오틴, 에틸헥실글리세린, 메티오닌, 시스테인, 하이드롤라이즈드콜라겐, 하이드롤라이즈드옥수수단백질, 하이드롤라이즈드밀단백질, 하이드롤라이즈드콩단백질, 카퍼트라이펩타이드-1, 제라니올, 부틸페닐메틸프로피오날, 리날룰, 벤질벤조에이트, 시트로넬올, 헥실신남알",포맨트,"지성,비듬,탈모,건성,민감성"
23,25,2,https://www.oliveyoung.co.kr/store/goods/getGoodsDetail.do?goodsNo=A000000163108&dispCatNo=1000001000400080005&trackingCd=Cat1000001000400080005_Small&t_page=카테고리관&t_click=샴푸바/드라이샴푸_소_샴푸바/드라이샴푸__상품상세&t_number=2,https://image.oliveyoung.co.kr/cfimages/cf-goods/uploads/images/thumbnails/550/10/0000/0016/A00000016310802ko.jpg?l=ko,록시땅 인텐시브 리페어 샴푸 500ml,4.9,29,,록시땅,
24,26,2,https://www.oliveyoung.co.kr/store/goods/getGoodsDetail.do?goodsNo=A000000164457&dispCatNo=1000001000400080005&trackingCd=Cat1000001000400080005_Small&t_page=카테고리관&t_click=샴푸바/드라이샴푸_소_샴푸바/드라이샴푸__상품상세&t_number=3,https://image.oliveyoung.co.kr/cfimages/cf-goods/uploads/images/thumbnails/550/10/0000/0016/A00000016445701ko.jpg?l=ko,록시땅 인텐시브 리페어 샴푸 300ml,4.2,5,정제수 소듐라우레스설페이트 데실글루코사이드 코카미도프로필베타인 안젤리카뿌리오일 안젤리카씨오일 검은귀리추출물 해바라기씨오일 라벤더오일 일랑일랑꽃오일 센티드제라늄잎오일 오렌지껍질오일 하이드로제네이티드식물성글리세라이즈시트레이트 글리세린 판테놀 코코-글루코사이드 글리세릴올리에이트 폴리쿼터늄-7 하이드록시프로필구아하이드록시프로필트라이모늄클로라이드 시트릭애씨드 레시틴 토코페롤 아스코빌팔미테이트 소듐벤조에이트 포타슘솔베이트 향료 리모넨 리날룰,록시땅,"탈모,건성,민감성"
25,27,2,https://www.oliveyoung.co.kr/store/goods/getGoodsDetail.do?goodsNo=A000000182798&dispCatNo=1000001000400080005&trackingCd=Cat1000001000400080005_Small&t_page=카테고리관&t_click=샴푸바/드라이샴푸_소_샴푸바/드라이샴푸__상품상세&t_number=4,https://image.oliveyoung.co.kr/cfimages/cf-goods/uploads/images/thumbnails/550/10/0000/0018/A00000018279803ko.jpg?l=ko,톤28 모발탈락개선 샴푸바 100g 3종 택1 (바오밥/검은콩/멘톨),4.6,548,"S19 : 소듐코코일이세티오네이트, 옥수수전분, 정제수, 글리세린, 코코넛애씨드, 코코-베타인, 동백나무씨오일, 세테아릴알코올, 소듐이세티오네이트, 시어버터, 트레할로오스, 바이오틴, 세라마이드엔피, 마데카소사이드, 판테놀, 레불리닉애씨드, 바오밥나무씨오일, 약모밀가루, 카페인, 글리세릴스테아레이트, 솔비탄카프릴레이트, 바오밥나무잎추출물, 석창포뿌리/줄기추출물, 펜틸렌글라이콜, 바닐라열매추출물, 첨차잎추출물, 복숭아추출물, 서양배추출물, 살구추출물, 사과추출물, 서양송악잎/줄기추출물, 멕시칸주니퍼오일, 센티드제라늄오일, 유칼립투스잎오일, 시트로넬올, 제라니올, 리날룰S20 : 라우릭애씨드, 정제수, 미리스틱애씨드, 프로판다이올, 글리세린, 팔미틱애씨드, 소듐하이드록사이드, 멘톨, 라우릴글루코사이드, 콘민트오일, 베타인, 치자추출물, 소듐하이알루로네이트, 다이메틸설폰, 나이아신아마이드, 판테놀, 피리독신에이치씨엘, 리모넨S21 : 소듐코코일이세티오네이트, 데실글루코사이드, 옥수수전분, 소듐라우로일글루타메이트, 판테놀, 글리세린, 소듐하이알루로네이트, 약모밀추출물, 쐐기풀추출물, 로즈마리추출물, 숯가루, 피마자씨오일, 동백나무씨오일, 하수오뿌리추출물, 자일리톨, 월계수잎오일, 검정콩추출물, 검은깨추출물, 흑미추출물, 정제수, 프로판다이올, 향기제비꽃/잎추출물, 서양송악잎/줄기추출물, 아니스열매추출물, 바닐라열매추출물, 바나나추출물",톤28,"지성,탈모,건성,민감성"
26,28,2,https://www.oliveyoung.co.kr/store/goods/getGoodsDetail.do?goodsNo=A000000182808&dispCatNo=1000001000400080005&trackingCd=Cat1000001000400080005_Small&t_page=카테고리관&t_click=샴푸바/드라이샴푸_소_샴푸바/드라이샴푸__상품상세&t_number=5,https://image.oliveyoung.co.kr/cfimages/cf-goods/uploads/images/thumbnails/550/10/0000/0018/A00000018280804ko.jpg?l=ko,톤28 모발탈락개선 샴푸바 300g 2종 택1 (바오밥/검은콩),4.7,509,"소듐코코일이세티오네이트, 옥수수전분, 정제수, 글리세린, 코코넛애씨드, 코코-베타인, 동백나무씨오일, 세테아릴알코올, 소듐이세티오네이트, 시어버터, 트레할로오스, 바이오틴, 세라마이드엔피, 마데카소사이드, 판테놀, 레불리닉애씨드, 바오밥나무씨오일, 약모밀가루, 카페인, 글리세릴스테아레이트, 솔비탄카프릴레이트, 바오밥나무잎추출물, 석창포뿌리/줄기추출물, 펜틸렌글라이콜, 바닐라열매추출물, 첨차잎추출물, 복숭아추출물, 서양배추출물, 살구추출물, 사과추출물, 서양송악잎/줄기추출물, 멕시칸주니퍼오일, 센티드제라늄오일, 유칼립투스잎오일, 시트로넬올, 제라니올, 리날룰",톤28,"지성,탈모,건성,민감성"
27,29,2,https://www.oliveyoung.co.kr/store/goods/getGoodsDetail.do?goodsNo=A000000184422&dispCatNo=1000001000400080005&trackingCd=Cat1000001000400080005_Small&t_page=카테고리관&t_click=샴푸바/드라이샴푸_소_샴푸바/드라이샴푸__상품상세&t_number=6,https://image.oliveyoung.co.kr/cfimages/cf-goods/uploads/images/thumbnails/550/10/0000/0018/A00000018442201ko.jpg?l=ko,클로란 네틀 노세범 드라이샴푸 150ML 2입 기획,4.6,540,"부탄,프로판,쌀전분,이소부탄,변성알코올39-C,사이클로덱스트린,사이클로펜타실록세인,실리카,아이소프로필미리스테이트,사이클로헥사실록세인,알루미늄전분옥테닐석시네이트,향료,세트리모늄클로라이드,프로필렌글라이콜,정제수,폴리솔베이트20,쐐기풀뿌리추출물",클로란,
28,30,2,https://www.oliveyoung.co.kr/store/goods/getGoodsDetail.do?goodsNo=A000000190308&dispCatNo=1000001000400080005&trackingCd=Cat1000001000400080005_Small&t_page=카테고리관&t_click=샴푸바/드라이샴푸_소_샴푸바/드라이샴푸__상품상세&t_number=7,https://image.oliveyoung.co.kr/cfimages/cf-goods/uploads/images/thumbnails/550/10/0000/0019/A00000019030810ko.jpg?l=ko,달리프 오리지널 퍼퓸 드라이샴푸 200ml (노세범/유분순삭),4.6,554,"부탄,프로판,변성알코올,타피오카전분,정제수,카올린,아이소프로필미리스테이트,사이클로펜타실록세인,사이클로헥사실록세인,아이소프로필팔미테이트,부틸렌글라이콜,당느릅나무뿌리추출물,다시마추출물,알로에베라잎추출물,참마뿌리추출물,제비꽃꽃추출물,글리세린,라벤더꽃추출물,로즈마리잎추출물,마트리카리아꽃추출물,베르가못잎추출물,페퍼민트잎추출물,프리지아추출물,히비스커스꽃추출물,산수유열매추출물,루이보스추출물,유자추출물,퀼라자껍질추출물,칡뿌리추출물,대왕소나무잎추출물,달맞이꽃꽃추출물,에틸헥실글리세린,1,2-헥산다이올,향료,벤질살리실레이트,시트로넬올,헥실신남알,하이드록시시트로넬알,리모넨,리날룰,알파-아이소메틸아이오논",달리프,"지성,건성"
29,31,2,https://www.oliveyoung.co.kr/store/goods/getGoodsDetail.do?goodsNo=A000000207742&dispCatNo=1000001000400080005&trackingCd=Cat1000001000400080005_Small&t_page=카테고리관&t_click=샴푸바/드라이샴푸_소_샴푸바/드라이샴푸__상품상세&t_number=8,https://image.oliveyoung.co.kr/cfimages/cf-goods/uploads/images/thumbnails/550/10/0000/0020/A00000020774210ko.jpg?l=ko,다이안 퍼펙트 뷰티 드라이 샴푸 프레시 시트러스 & 피어,4.8,5,"부탄, 아이소부탄, 에탄올, 프로판, 알루미늄전분옥테닐석시네이트, 프로필렌글라이콜, 아이소프로필미리스테이트, 멘톨, 호호바씨오일, 분홍바늘꽃꽃/잎/줄기추출물, o-사이멘-5-올, 살리실릭애씨드, 살비아잎추출물, 페퍼민트잎추출물, 유칼립투스잎추출물, 카멜그라스잎/줄기추출물, 하이드롤라이즈드케라틴, 아르간커넬오일, 망고씨오일, 쿠네아타산사열매추출물, 대추추출물, 사과추출물, 왕귤추출물(0.0006%), 라임즙(0.001%), 오렌지즙(0.001%), 레몬즙(0.001%), 세라마이드이오피, 세라마이드엔지, 세라마이드엔피, 세라마이드에이지, 세라마이드에이피, 쿼터늄-18, 쿼터늄-33, 콜레스테롤, 부틸렌글라이콜, 소듐메타바이설파이트, 정제수, 아이소프로필알코올, 다이스테아릴다이모늄클로라이드, 페녹시에탄올, 향료, 벤질벤조에이트, 시트랄, 시트로넬올, 제라니올, 리날룰",다이안,"지성,건성"
30,32,2,https://www.oliveyoung.co.kr/store/goods/getGoodsDetail.do?goodsNo=A000000207766&dispCatNo=1000001000400080005&trackingCd=Cat1000001000400080005_Small&t_page=카테고리관&t_click=샴푸바/드라이샴푸_소_샴푸바/드라이샴푸__상품상세&t_number=9,https://image.oliveyoung.co.kr/cfimages/cf-goods/uploads/images/thumbnails/550/10/0000/0020/A00000020776609ko.jpg?l=ko,다이안 퍼펙트 뷰티 드라이 샴푸 프레시 망고 & 머스크,5.0,6,"부탄, 아이소부탄, 에탄올, 프로판, 알루미늄전분옥테닐석시네이트, 프로필렌글라이콜, 아이소프로필미리스테이트, 멘톨, 호호바씨오일, 분홍바늘꽃꽃/잎/줄기추출물, o-사이멘-5-올, 살리실릭애씨드, 살비아잎추출물, 페퍼민트잎추출물, 유칼립투스잎추출물, 카멜그라스잎/줄기추출물, 하이드롤라이즈드케라틴, 아르간커넬오일, 망고씨오일(0.003%), 쿠네아타산사열매추출물, 대추추출물, 사과추출물, 왕귤추출물, 라임즙, 오렌지즙, 레몬즙, 세라마이드이오피, 세라마이드엔지, 세라마이드엔피, 세라마이드에이지, 세라마이드에이피, 쿼터늄-18, 쿼터늄-33, 콜레스테롤, 부틸렌글라이콜, 소듐메타바이설파이트, 정제수, 아이소프로필알코올, 다이스테아릴다이모늄클로라이드, 페녹시에탄올, 향료, 벤질알코올, 신남알, 시트랄, 시트로넬올, 제라니올, 리날룰",다이안,"지성,건성"
31,34,2,https://www.oliveyoung.co.kr/store/goods/getGoodsDetail.do?goodsNo=A000000207777&dispCatNo=1000001000400080005&trackingCd=Cat1000001000400080005_Small&t_page=카테고리관&t_click=샴푸바/드라이샴푸_소_샴푸바/드라이샴푸__상품상세&t_number=11,https://image.oliveyoung.co.kr/cfimages/cf-goods/uploads/images/thumbnails/550/10/0000/0020/A00000020777715ko.jpg?l=ko,다이안 퍼펙트 뷰티 드라이 샴푸 무향료,4.3,6,"부탄, 아이소부탄, 에탄올, 프로판, 알루미늄전분옥테닐석시네이트, 프로필렌글라이콜, 아이소프로필미리스테이트, 멘톨, 호호바씨오일, 분홍바늘꽃꽃/잎/줄기추출물, o-사이멘-5-올, 살리실릭애씨드, 살비아잎추출물, 페퍼민트잎추출물, 유칼립투스잎추출물, 카멜그라스잎/줄기추출물, 하이드롤라이즈드케라틴, 아르간커넬오일, 망고씨오일, 쿠네아타산사열매추출물, 대추추출물, 사과추출물, 왕귤추출물, 라임즙, 오렌지즙, 레몬즙, 세라마이드이오피, 세라마이드엔지, 세라마이드엔피, 세라마이드에이지, 세라마이드에이피, 쿼터늄-18, 쿼터늄-33, 콜레스테롤, 부틸렌글라이콜, 소듐메타바이설파이트, 정제수, 아이소프로필알코올, 다이스테아릴다이모늄클로라이드, 페녹시에탄올",다이안,"지성,건성"
32,35,2,https://www.oliveyoung.co.kr/store/goods/getGoodsDetail.do?goodsNo=A000000009616&dispCatNo=1000001000400080005&trackingCd=Cat1000001000400080005_Small&t_page=카테고리관&t_click=샴푸바/드라이샴푸_소_샴푸바/드라이샴푸__상품상세&t_number=12,https://image.oliveyoung.co.kr/cfimages/cf-goods/uploads/images/thumbnails/550/10/0000/0000/A00000000961606ko.jpg?l=ko,바티스트 드라이샴푸 블러쉬 200ml,4.6,3426,"■ 부탄, 아이소부탄, 프로판, 쌀전분, 변성알코올, 향료, 부틸페닐메틸프로피오날,리날룰, 다이스테아릴다이모늄클로라이드, 세트리모늄클로라이드",바티스트,
33,36,2,https://www.oliveyoung.co.kr/store/goods/getGoodsDetail.do?goodsNo=A000000013995&dispCatNo=1000001000400080005&trackingCd=Cat1000001000400080005_Small&t_page=카테고리관&t_click=샴푸바/드라이샴푸_소_샴푸바/드라이샴푸__상품상세&t_number=13,https://image.oliveyoung.co.kr/cfimages/cf-goods/uploads/images/thumbnails/550/10/0000/0001/A00000001399506ko.jpg?l=ko,바티스트 드라이샴푸 체리 50ml,4.7,379,"■ 부탄,아이소부탄,프로판,쌀전분,변성알코올,향료,세트리모늄클로라이드,다이스테아릴다이모늄클로라이드,리모넨,리날룰",바티스트,
34,38,2,https://www.oliveyoung.co.kr/store/goods/getGoodsDetail.do?goodsNo=A000000150322&dispCatNo=1000001000400080005&trackingCd=Cat1000001000400080005_Small&t_page=카테고리관&t_click=샴푸바/드라이샴푸_소_샴푸바/드라이샴푸__상품상세&t_number=15,https://image.oliveyoung.co.kr/cfimages/cf-goods/uploads/images/thumbnails/550/10/0000/0015/A00000015032206ko.jpg?l=ko,바티스트 드라이샴푸 에덴 블룸 200ml,4.6,74,"부탄, 아이소부탄, 프로판, 쌀전분, 변성알코올, 향료, 다이스테아릴다이모늄클로라이드, 세트리모늄클로라이드, 하이드록시시트로넬알, 리모넨, 리날룰",바티스트,
35,39,2,https://www.oliveyoung.co.kr/store/goods/getGoodsDetail.do?goodsNo=A000000170449&dispCatNo=1000001000400080005&trackingCd=Cat1000001000400080005_Small&t_page=카테고리관&t_click=샴푸바/드라이샴푸_소_샴푸바/드라이샴푸__상품상세&t_number=16,https://image.oliveyoung.co.kr/cfimages/cf-goods/uploads/images/thumbnails/550/10/0000/0017/A00000017044906ko.jpg?l=ko,라보에이치 탈모증상완화 두피강화 샴푸바+거품망 증정기획,4.6,255,"""소듐코코일이세티오네이트, 옥수수전분, 정제수, 부틸렌글라이콜, 살구씨가루, 카프릴릭/카프릭트라이글리세라이드, 페퍼민트오일, 에틸헥실글리세린, 스타아니스열매/씨오일, 로즈마리잎오일, 연필향나무오일, 소듐파이테이트, 덱스트린, 폴리쿼터늄-22, 콘민트오일, 돌콩배아추출물, 유칼립투스잎오일, 바질오일, 캐모마일꽃오일, 향기제비꽃잎추출물, 락토바실러스발효용해물, 토코페롤, 세라마이드엔피, 바이오틴""",라보에이치,"지성,건성"
36,40,2,https://www.oliveyoung.co.kr/store/goods/getGoodsDetail.do?goodsNo=A000000174467&dispCatNo=1000001000400080005&trackingCd=Cat1000001000400080005_Small&t_page=카테고리관&t_click=샴푸바/드라이샴푸_소_샴푸바/드라이샴푸__상품상세&t_number=17,https://image.oliveyoung.co.kr/cfimages/cf-goods/uploads/images/thumbnails/550/10/0000/0017/A00000017446708ko.jpg?l=ko,르네휘테르 포티샤 두피&모발강화 샴푸 600ml,4.7,548,"정제수, 다이소듐코코일글루타메이트, 소듐라우레스설페이트, 이눌린, 데실글루코사이드, 아크릴레이트/C10-30알킬아크릴레이트크로스폴리머, 프로필렌글라이콜, 피이지-40하이드로제네이티트캐스터오일, 아가, 알진, 크로뮴하이드록사이드그린, 크로뮴옥사이드그린, 시트릭애씨드, 오렌지오일, 향료, 글리세린, 녹색3호, 라우릴베타인, 라벤더오일, 라반딘오일, 리모넨, 리날룰, 말토덱스트린, 과라나씨추출물, 피이지-30다이폴리하이드록시스테아레이트, 피이지-4, 페녹시에탄올, 폴리쿼터늄-39, 폴리솔베이트20, 프로판다이올, 로즈마리잎오일, 소듐벤조에이트, 소듐클로라이드, 탤크, 토코페릴아세테이트, 트라이데세스-6, 황색4호",르네휘테르,건성
37,41,2,https://www.oliveyoung.co.kr/store/goods/getGoodsDetail.do?goodsNo=A000000175492&dispCatNo=1000001000400080005&trackingCd=Cat1000001000400080005_Small&t_page=카테고리관&t_click=샴푸바/드라이샴푸_소_샴푸바/드라이샴푸__상품상세&t_number=18,https://image.oliveyoung.co.kr/cfimages/cf-goods/uploads/images/thumbnails/550/10/0000/0017/A00000017549202ko.jpg?l=ko,THREE 쓰리 스칼프 & 헤어 오더레인지 샴푸 R,0.0,0,"정제수,다이소듐코코일글루타메이트,미리스타미도프로필베타인,코카마이드디이에이,코카미도프로필베타인,펜틸렌글라이콜,베타인,글리세린,소듐코코일글루타메이트,폴리글리세릴-10아이소스테아레이트,폴리쿼터늄-10,소듐클로라이드,페녹시에탄올,오렌지수,베르가모트오일,라벤더오일,설탕단풍수액,유향나무오일,글리세릴카프릴레이트,시트릭애씨드,티트리잎오일,부틸렌글라이콜,에탄올,호호바씨오일,망고씨버터,메도우폼씨오일,테트라소듐에티드로네이트,올리브오일,다이머다이리놀레일다이머다이리놀리에이트,카프릴릭/카프릭트라이글리세라이드,크랜베리씨오일,황벽나무껍질추출물,괭생이모자반추출물,녹차씨오일,클로브꽃추출물,안겔리카 푸르키유가꽃/잎/줄기추출물,아비시니안케일씨오일,감마-도코사락톤,토코페롤",쓰리,건성
38,42,2,https://www.oliveyoung.co.kr/store/goods/getGoodsDetail.do?goodsNo=A000000175502&dispCatNo=1000001000400080005&trackingCd=Cat1000001000400080005_Small&t_page=카테고리관&t_click=샴푸바/드라이샴푸_소_샴푸바/드라이샴푸__상품상세&t_number=19,https://image.oliveyoung.co.kr/cfimages/cf-goods/uploads/images/thumbnails/550/10/0000/0017/A00000017550202ko.jpg?l=ko,THREE 쓰리 스칼프 & 헤어 리인포싱 샴푸 R,0.0,0,"정제수,다이소듐코코일글루타메이트,미리스타미도프로필베타인,코카마이드디이에이,코카미도프로필베타인,펜틸렌글라이콜,베타인,글리세린,소듐코코일글루타메이트,폴리글리세릴-10아이소스테아레이트,폴리쿼터늄-10,소듐클로라이드,오렌지껍질오일,페녹시에탄올,오렌지수,유향나무오일,글리세릴카프릴레이트,설탕단풍수액,라벤더오일,시트릭애씨드,사과수,부틸렌글라이콜,하이드롤라이즈드바오밥나무씨추출물,호호바씨오일,망고씨버터,메도우폼씨오일,티트리잎오일,테트라소듐에티드로네이트,올리브오일,아비시니안케일씨오일,시어버터,녹차씨오일,황벽나무껍질추출물,안겔리카 푸르키유가꽃/잎/줄기추출물,벤질알코올,푸르켈라리아 룸브리칼리스추출물,소듐벤조에이트,포타슘솔베이트",쓰리,건성
39,43,2,https://www.oliveyoung.co.kr/store/goods/getGoodsDetail.do?goodsNo=A000000178142&dispCatNo=1000001000400080005&trackingCd=Cat1000001000400080005_Small&t_page=카테고리관&t_click=샴푸바/드라이샴푸_소_샴푸바/드라이샴푸__상품상세&t_number=20,https://image.oliveyoung.co.kr/cfimages/cf-goods/uploads/images/thumbnails/550/10/0000/0017/A00000017814201ko.jpg?l=ko,"앰플브라운 앰플 비오틴 샴푸바 (로즈마리향, 100g)",0.0,0,"소듐코코일리세티오네이트, 옥수수전분, 글리세린, 녹차추출물, 올리브오일, 정제수, 부틸렌글라이콜, 로즈마리잎오일, 코코-베타인, 잔탄검, 판테놀, 1,2-헥산다이올, 검은깨가루, 바이오틴, 카프릴릴글라이콜, 바질잎추출물, 리모넨",앰플브라운,"지성,탈모,건성,민감성"
