,Unnamed: 0,page,product_link,img_link,brand_name,product_name,star,review_count,ingredient,type
0,0,1,https://www.oliveyoung.co.kr/store/goods/getGoodsDetail.do?goodsNo=A000000170636&dispCatNo=1000001000400070003&trackingCd=Cat1000001000400070003_Small&t_page=%EC%B9%B4%ED%85%8C%EA%B3%A0%EB%A6%AC%EA%B4%80&t_click=%EB%91%90%ED%94%BC%ED%8C%A9/%EC%8A%A4%EC%BC%80%EC%9D%BC%EB%9F%AC_%EC%86%8C_%EB%91%90%ED%94%BC%ED%8C%A9/%EC%8A%A4%EC%BC%80%EC%9D%BC%EB%9F%AC__%EC%83%81%ED%92%88%EC%83%81%EC%84%B8&t_number=1,https://image.oliveyoung.co.kr/cfimages/cf-goods/uploads/images/thumbnails/550/10/0000/0017/A00000017063612ko.jpg?l=ko,그로우어스,[10월 올영픽]그로우어스 씨솔트 테라피 두피스케일러 대용량 250g+30g 증정기획,4.7,2150,"소듐클로라이드(352,840ppm), 해수(150,000ppm), 정제수, 글리세린, 코카마이드미파, 소듐라우로일글루타메이트, 데실글루코사이드, 라우릴베타인, 다이소듐라우레스설포석시네이트, 글라이콜다이스테아레이트, 솔비톨, 카프릴릴글라이콜, 멘톨, 다시마가루, 살리실릭애씨드, 판테놀, 구아하이드록시프로필트라이모늄클로라이드, 나이아신아마이드, 다이소듐이디티에이, 씨솔트(1,000ppm), 카라멜, 다이프로필렌글라이콜, 글리세릴카프릴레이트, 부틸렌글라이콜, 스피룰리나 플라텐시스추출물, 1,2-헥산다이올, 다시마추출물, 미역추출물, 에틸헥실글리세린, 향료, 알파-아이소메틸아이오논, 리모넨, 리날룰","비듬,지성,건성,민감성,탈모"
1,1,1,https://www.oliveyoung.co.kr/store/goods/getGoodsDetail.do?goodsNo=A000000183432&dispCatNo=1000001000400070003&trackingCd=Cat1000001000400070003_Small&t_page=%EC%B9%B4%ED%85%8C%EA%B3%A0%EB%A6%AC%EA%B4%80&t_click=%EB%91%90%ED%94%BC%ED%8C%A9/%EC%8A%A4%EC%BC%80%EC%9D%BC%EB%9F%AC_%EC%86%8C_%EB%91%90%ED%94%BC%ED%8C%A9/%EC%8A%A4%EC%BC%80%EC%9D%BC%EB%9F%AC__%EC%83%81%ED%92%88%EC%83%81%EC%84%B8&t_number=2,https://image.oliveyoung.co.kr/cfimages/cf-goods/uploads/images/thumbnails/550/10/0000/0018/A00000018343203ko.jpg?l=ko,바이브랩,바이브랩 리바이브 테라피 헤어 스칼프 앤 브로우 앰플,4.7,2270,"정제수, 에탄올, 부틸렌글라이콜, 메틸프로판다이올, 글리세린, 1,2-헥산다이올, 피피지-13-데실테트라데세스-24, 트로메타민, 엘-멘톨, 아크릴레이트/C10-30알킬아크릴레이트크로스폴리머, 살리실릭애씨드, 덱스판테놀, 프로판다이올, 녹차추출물, 병풀추출물, 센티드제라늄꽃오일, 다이소듐이디티에이, 지황뿌리추출물, 구기자추출물, 비치스트로베리추출물, 불가리스매자뿌리추출물, 검은뽕나무열매추출물, 산수유열매추출물, 질경이택사덩이줄기추출물, 감추출물, 동백나무잎추출물, 캐롭열매추출물, 에틸헥실글리세린, 모란뿌리추출물, 참마뿌리추출물, 미리스토일펜타펩타이드-4, 중국토복령추출물, 페녹시에탄올, 하이드록시프로필사이클로덱스트린, 동백나무꽃추출물, 칼메그추출물, 레스페데자 카피타타잎/줄기추출물, 요엽후박나무껍질추출물, 황금추출물, 쓴풀추출물, 하수오뿌리추출물, 한련초추출물, 참당귀뿌리추출물, 울금뿌리추출물, 측백나무잎추출물, 생강추출물, 당개나리열매추출물, 오미자추출물, 은행나무잎추출물, 인삼추출물, 잇꽃꽃추출물, 감초뿌리추출물, 검정콩추출물, 펜틸렌글라이콜, 사과세포배양추출물, 산구절초추출물, 무화과추출물, 쑥잎추출물, 약모밀추출물, 영지버섯추출물, 고삼뿌리추출물, 석창포추출물, 피이지-40하이드로제네이티드캐스터오일, 스페인감초뿌리추출물, 마데카소사이드, 아스퍼질러스발효물, 피피지-26-부테스-26, 카프릴릴글라이콜, 데실글루코사이드, 하이드록시아세토페논, 토코페롤, 호장근뿌리추출물, 카퍼트라이펩타이드-1, 알라닌/히스티딘/라이신폴리펩타이드카퍼에이치씨엘, 마트리카리아꽃추출물, 로즈마리잎추출물, 제라니올, 리날룰, 시트로넬올","지성,건성,민감성,탈모"
2,2,1,https://www.oliveyoung.co.kr/store/goods/getGoodsDetail.do?goodsNo=A000000180946&dispCatNo=1000001000400070003&trackingCd=Cat1000001000400070003_Small&t_page=%EC%B9%B4%ED%85%8C%EA%B3%A0%EB%A6%AC%EA%B4%80&t_click=%EB%91%90%ED%94%BC%ED%8C%A9/%EC%8A%A4%EC%BC%80%EC%9D%BC%EB%9F%AC_%EC%86%8C_%EB%91%90%ED%94%BC%ED%8C%A9/%EC%8A%A4%EC%BC%80%EC%9D%BC%EB%9F%AC__%EC%83%81%ED%92%88%EC%83%81%EC%84%B8&t_number=3,https://image.oliveyoung.co.kr/cfimages/cf-goods/uploads/images/thumbnails/550/10/0000/0018/A00000018094628ko.jpg?l=ko,리필드,[10월 올영픽/저자극] 리필드 사이토카인 탈모증상완화 헤어토닉 부스터 100ml 기획/단품 5종 택1,4.9,3842,"정제수, 변성알코올, 부틸렌글라이콜, 알로에베라잎추출물, 참마뿌리추출물, 다시마추출물, 당느릅나무뿌리추출물, 제비꽃꽃추출물, 글리세린, 엘-멘톨, 살리실릭애씨드, 덱스판테놀, 향료, 트로메타민, 알란토인, 레시틴, 1,2-헥산다이올, 다이포타슘글리시리제이트, 카프릴릭/카프릭트라이글리세라이드, 폴리솔베이트20, 자일리톨, 카프릴릴글라이콜, 니코티닉애씨드아데닌다이뉴클레오타이드포스페이트, 삼씨오일, 은행나무잎추출물, 프로폴리스추출물, 약모밀추출물, 밤부사 불가리스추출물, 편백잎추출물, 소나무잎추출물, 측백나무추출물, 레몬추출물, 글라이신, 필리핀오렌지전초오일, 세린, 글루타믹애씨드, 글루타티온, 생강오일, 아스파틱애씨드, 류신, 폴리글리세릴-4카프레이트, 알라닌, 라이신, 알지닌, 타이로신, 페닐알라닌, 프롤린, 트레오닌, 발린, 아이소류신, 히스티딘, 시스테인, 메티오닌, 사이클릭아데노신다이포스페이트리보오스, 나이아신아마이드, 바이오틴, 이노시톨, 소듐아스코빌포스페이트, 토코페롤, 리모넨, 리날룰","지성,건성,민감성,탈모"
3,3,1,https://www.oliveyoung.co.kr/store/goods/getGoodsDetail.do?goodsNo=A000000183430&dispCatNo=1000001000400070003&trackingCd=Cat1000001000400070003_Small&t_page=%EC%B9%B4%ED%85%8C%EA%B3%A0%EB%A6%AC%EA%B4%80&t_click=%EB%91%90%ED%94%BC%ED%8C%A9/%EC%8A%A4%EC%BC%80%EC%9D%BC%EB%9F%AC_%EC%86%8C_%EB%91%90%ED%94%BC%ED%8C%A9/%EC%8A%A4%EC%BC%80%EC%9D%BC%EB%9F%AC__%EC%83%81%ED%92%88%EC%83%81%EC%84%B8&t_number=4,https://image.oliveyoung.co.kr/cfimages/cf-goods/uploads/images/thumbnails/550/10/0000/0018/A00000018343003ko.jpg?l=ko,바이브랩,바이브랩 리바이브 테라피 헤어 스칼프 인핸싱 폼,4.7,1004,"편백수(51.6%),에탄올,정제수,부틸렌글라이콜,1,2-헥산다이올,카페인,C12-14알케스-12,폴리글리세릴-4카프레이트,지황뿌리추출물,맥주효모추출물,메틸프로판다이올,엘-멘톨,살리실릭애씨드,알지닌,덱스판테놀,에틸헥실글리세린,로즈마리잎오일,알란토인,트레할로오스,캠퍼,클림바졸,글리세릴카프릴레이트,프로판다이올,구주소나무잎오일,대왕송오일,다이포타슘글리시리제이트,요엽후박나무껍질추출물,멕시칸주니퍼오일,다이소듐이디티에이,콘민트오일,살비아오일,폴리글리세릴-10라우레이트,바이오틴,글리세린,사과세포배양추출물,만니톨,산수유열매추출물,질경이택사덩이줄기추출물,검은뽕나무열매추출물,구기자추출물,비치스트로베리추출물,불가리스매자뿌리추출물,참마뿌리추출물,중국토복령추출물,모란뿌리추출물,하이드록시프로필사이클로덱스트린,칼메그추출물,동백나무꽃추출물,나이아신아마이드,감추출물,동백나무잎추출물,캐롭열매추출물,피이지-40하이드로제네이티드캐스터오일,카프릴릴글라이콜,암모늄글리시리제이트,피피지-26-부테스-26,칼슘판토테네이트,말토덱스트린,소듐스타치옥테닐석시네이트,미리스토일펜타펩타이드-17,소듐아스코빌포스페이트,참당귀뿌리추출물,녹차추출물,울금뿌리추출물,한련초추출물,하수오뿌리추출물,황금추출물,쓴풀추출물,측백나무잎추출물,잇꽃꽃추출물,당개나리열매추출물,은행나무잎추출물,검정콩추출물,감초뿌리추출물,인삼추출물,오미자추출물, 생강추출물,카퍼트라이펩타이드-1,알라닌/히스티딘/라이신폴리펩타이드카퍼에이치씨엘,토코페릴아세테이트,피리독신에이치씨엘,펜틸렌글라이콜,석창포추출물,쑥잎추출물,산구절초추출물,무화과추출물,영지버섯추출물,약모밀추출물,고삼뿌리추출물,부시클로버잎/줄기추출물,징크글루코네이트,피록톤올아민,스페인감초뿌리추출물,마데카소사이드,아스퍼질러스발효물,가시칠엽수씨추출물,병풀추출물,데실글루코사이드,하이드록시아세토페논,호장근뿌리추출물,실리카,편백잎추출물,마트리카리아꽃추출물,로즈마리잎추출물,대왕송잎추출물,당느릅나무뿌리추출물,달맞이꽃꽃추출물,칡뿌리추출물,마데카식애씨드,아시아티코사이드,아시아틱애씨드,리날룰,리모넨* 식품의약품안전처의 화장품 표시 관리법 개정으로 용매제와 추출물이 별도 표시 기재로 변경되었습니다.생산 시점에 따라 일부 제품간의 전성분 표기가 상이할 수 있으나 바이브랩 제품은 이전과 동일함을 안내 드립니다.","지성,건성,민감성,탈모"
4,4,1,https://www.oliveyoung.co.kr/store/goods/getGoodsDetail.do?goodsNo=A000000141338&dispCatNo=1000001000400070003&trackingCd=Cat1000001000400070003_Small&t_page=%EC%B9%B4%ED%85%8C%EA%B3%A0%EB%A6%AC%EA%B4%80&t_click=%EB%91%90%ED%94%BC%ED%8C%A9/%EC%8A%A4%EC%BC%80%EC%9D%BC%EB%9F%AC_%EC%86%8C_%EB%91%90%ED%94%BC%ED%8C%A9/%EC%8A%A4%EC%BC%80%EC%9D%BC%EB%9F%AC__%EC%83%81%ED%92%88%EC%83%81%EC%84%B8&t_number=5,https://image.oliveyoung.co.kr/cfimages/cf-goods/uploads/images/thumbnails/550/10/0000/0014/A00000014133815ko.jpg?l=ko,닥터포헤어,[두피 스케일링] 닥터포헤어 폴리젠 씨솔트 스케일러 300g (탈모 기능성),4.7,7346,"소듐클로라이드, 정제수, 코코-베타인, 글리세린, 씨솔트 (50,000 ppm), 소듐코코일알라니네이트, 라우릴베타인, 코카마이드엠이에이, 소듐라우로일글루타메이트, 변성알코올, 포타슘코코에이트, 피피지-3카프릴릴에터, 트레할로오스, 카프릴릴글라이콜, 아이소프로필미리스테이트, 멘톨, 트라이하이드록시스테아린, 폴리쿼터늄-10, 덱스판테놀, 살리실릭애씨드, 수크로오스스테아레이트, 트로메타민, 나이아신아마이드, 멘틸락테이트, 페퍼민트오일, 콘민트오일, 소듐벤조에이트, 카프릴릭/카프릭트라이글리세라이드, 티트리잎오일, 아르간커넬오일, 동백나무씨오일, 드럼스틱씨오일, 사발팜열매추출물, 편백잎추출물, 부틸렌글라이콜, 1,2-헥산다이올, 폴리솔베이트80, 레시틴, 세라마이드엔피, 페퍼민트잎추출물, 프리지어추출물, 베르가못잎추출물, 마트리카리아꽃추출물, 로즈마리잎추출물, 라벤더추출물, 카페인, 아데노신, 바이오틴, 스피어민트추출물, 애플민트잎추출물, 병풀추출물, 에틸헥실글리세린, 징크피리치온, 생강추출물, 소듐폴리나프탈렌설포네이트, 아시아틱애씨드, 아시아티코사이드, 마데카식애씨드, 마데카소사이드, 향료, 헥실신남알","지성,건성,민감성,탈모"
5,5,1,https://www.oliveyoung.co.kr/store/goods/getGoodsDetail.do?goodsNo=B000000200545&dispCatNo=1000001000400070003&trackingCd=Cat1000001000400070003_Small&t_page=%EC%B9%B4%ED%85%8C%EA%B3%A0%EB%A6%AC%EA%B4%80&t_click=%EB%91%90%ED%94%BC%ED%8C%A9/%EC%8A%A4%EC%BC%80%EC%9D%BC%EB%9F%AC_%EC%86%8C_%EB%91%90%ED%94%BC%ED%8C%A9/%EC%8A%A4%EC%BC%80%EC%9D%BC%EB%9F%AC__%EC%83%81%ED%92%88%EC%83%81%EC%84%B8&t_number=6,https://image.oliveyoung.co.kr/cfimages/cf-goods/uploads/images/thumbnails/550/10/0000/0020/B00000020054501ko.jpg?l=ko,아닐로,아닐로 라임썬데이 리프레시 샴푸&비니거 세트,5.0,3,"[라임썬데이 리프레시 샴푸] 정제수, 만다린추출물, 소듐C14-16올레핀설포네이트, 글리세린, 코카미도프로필하이드록시설테인, 아크릴레이트코폴리머, 부틸렌글라이콜, 1,2-헥산다이올, 향료, 멘톨, 트로메타민, C12-14알케스-12, 소듐클로라이드, 황련뿌리추출물, 스위트아몬드껍질가루, 카프릴릴글라이콜, 에틸헥실글리세린, 다이소듐이디티에이, 폴리쿼터늄-10, 오렌지껍질오일, 광곽향오일, 인도멀구슬나무잎추출물, 레몬껍질오일, 시트릭애씨드, 인도멀구슬나무꽃추출물, 판테놀, 티트리잎추출물, 사과추출물, 유칼립투스잎추출물, 콘민트추출물, 알로에베라잎추출물, 레몬그라스추출물, 녹차추출물, 약모밀추출물, 연꽃꽃추출물, 쌀추출물, 매실추출물, 로우스위트블루베리추출물, 라임추출물(10 ppm), 프로필렌글라이콜라우레이트, 소듐시트레이트, 에리스리톨, 페퍼민트잎추출물, 애플민트잎추출물, 스피어민트잎추출물, 리모넨, 리날룰 [라임썬데이 리프레시 헤어 비니거] 정제수, 만다린추출물, 변성알코올, 글리세레스-26, 프로판다이올, C12-14알케스-12, 글리세린, 향료, 세트리모늄클로라이드, 부틸렌글라이콜, 소듐벤조에이트, 1,2-헥산다이올, 비니거, 멘톨, 황련뿌리추출물, 에틸헥실글리세린, 캐모마일꽃추출물, 포트마리골드꽃추출물, 히비스커스꽃추출물, 라벤더꽃추출물, 콘민트잎추출물, 로즈마리꽃추출물, 살비아잎추출물, 오렌지껍질오일, 소듐시트레이트, 다이소듐이디티에이, 광곽향오일, 레몬껍질오일, 시트릭애씨드, 인도멀구슬나무잎추출물, 인도멀구슬나무꽃추출물, 카프릴릴글라이콜, 라임추출물 (10 ppm), 트로메타민, 티트리잎추출물, 사과추출물, 유칼립투스잎추출물, 콘민트추출물, 알로에베라잎추출물, 레몬그라스추출물, 녹차추출물, 약모밀추출물, 연꽃꽃추출물, 쌀추출물, 매실추출물, 로우스위트블루베리추출물, 에리스리톨, 페퍼민트잎추출물, 애플민트잎추출물, 스피어민트잎추출물, 리모넨, 리날룰","지성,건성,민감성,탈모"
6,6,1,https://www.oliveyoung.co.kr/store/goods/getGoodsDetail.do?goodsNo=A000000201059&dispCatNo=1000001000400070003&trackingCd=Cat1000001000400070003_Small&t_page=%EC%B9%B4%ED%85%8C%EA%B3%A0%EB%A6%AC%EA%B4%80&t_click=%EB%91%90%ED%94%BC%ED%8C%A9/%EC%8A%A4%EC%BC%80%EC%9D%BC%EB%9F%AC_%EC%86%8C_%EB%91%90%ED%94%BC%ED%8C%A9/%EC%8A%A4%EC%BC%80%EC%9D%BC%EB%9F%AC__%EC%83%81%ED%92%88%EC%83%81%EC%84%B8&t_number=7,https://image.oliveyoung.co.kr/cfimages/cf-goods/uploads/images/thumbnails/550/10/0000/0020/A00000020105907ko.jpg?l=ko,닥터지,[두피겸용/수분영양]닥터지 두피랩 쿨 솔트 스칼프 트리트먼트 300g,4.8,90,"정제수, 세테아릴알코올, 솔비톨, 브라시카미도프로필다이메틸아민, 아이소아밀라우레이트, C13-16아이소알케인, 향료, 해수*, 아스파틱애씨드, 글리세릴카프릴레이트, 헵틸운데실레네이트, 쿼터늄-87, 카프릴릴글라이콜, 덱스판테놀, 살리실릭애씨드, 프로필렌글라이콜, 나이아신아마이드, 소듐클로라이드*, 부틸렌글라이콜, 소듐파이테이트, 1,2-헥산다이올, 점토추출물*, 납작파래추출물*, 하이드롤라이즈드옥수수단백질, 하이드롤라이즈드코튼씨드단백질, 하이드롤라이즈드귀리단백질, 하이드롤라이즈드완두콩단백질, 하이드롤라이즈드감자단백질, 하이드롤라이즈드쌀겨단백질, 하이드롤라이즈드쌀단백질, 퉁퉁마디추출물, 스피룰리나 플라텐시스추출물*, 아르간커넬오일, 동백나무씨오일, 병풀추출물, 아보카도오일, 드럼스틱씨오일, 마카다미아씨오일, 말토덱스트린, 식물성오일, 타라열매추출물, 멘톨, 해바라기싹추출물, 폴리쿼터늄-22, 토코페롤, 병풀오일, 글라이코프로테인, 하이드롤라이즈드케라틴, 마데카소사이드","지성,민감성,탈모"
7,7,1,https://www.oliveyoung.co.kr/store/goods/getGoodsDetail.do?goodsNo=A000000208666&dispCatNo=1000001000400070003&trackingCd=Cat1000001000400070003_Small&t_page=%EC%B9%B4%ED%85%8C%EA%B3%A0%EB%A6%AC%EA%B4%80&t_click=%EB%91%90%ED%94%BC%ED%8C%A9/%EC%8A%A4%EC%BC%80%EC%9D%BC%EB%9F%AC_%EC%86%8C_%EB%91%90%ED%94%BC%ED%8C%A9/%EC%8A%A4%EC%BC%80%EC%9D%BC%EB%9F%AC__%EC%83%81%ED%92%88%EC%83%81%EC%84%B8&t_number=8,https://image.oliveyoung.co.kr/cfimages/cf-goods/uploads/images/thumbnails/550/10/0000/0020/A00000020866607ko.jpg?l=ko,클로란,클로란 피오니 두피팩 150ml 2입 기획,4.7,2455,"정제수,펜틸렌글라이콜,하이드록시프로필스타치포스페이트,베타인,글리세린,베헨아미도프로필다이메틸아민프로필렌글라이콜,작약뿌리추출물,향료,락틱애씨드,스클레로튬검,트라이소듐에틸렌다이아민다이석시네이트","건성,민감성"
8,8,1,https://www.oliveyoung.co.kr/store/goods/getGoodsDetail.do?goodsNo=A000000180820&dispCatNo=1000001000400070003&trackingCd=Cat1000001000400070003_Small&t_page=%EC%B9%B4%ED%85%8C%EA%B3%A0%EB%A6%AC%EA%B4%80&t_click=%EB%91%90%ED%94%BC%ED%8C%A9/%EC%8A%A4%EC%BC%80%EC%9D%BC%EB%9F%AC_%EC%86%8C_%EB%91%90%ED%94%BC%ED%8C%A9/%EC%8A%A4%EC%BC%80%EC%9D%BC%EB%9F%AC__%EC%83%81%ED%92%88%EC%83%81%EC%84%B8&t_number=9,https://image.oliveyoung.co.kr/cfimages/cf-goods/uploads/images/thumbnails/550/10/0000/0018/A00000018082008ko.jpg?l=ko,하아르,[3종임상] 하아르 닥터모리엔 탈모토닉 100ml,4.7,242,"정제수, 변성알코올, 엘-멘톨, 살리실릭애씨드, 덱스판테놀, 다이포타슘글리시리제이트, 알란토인, 소듐시트레이트, 시트릭애씨드, 1,2-헥산다이올, 카프릴릴글라이콜, 부틸렌글라이콜, 카퍼트라이펩타이드-1, 아세틸헥사펩타이드-8, 팔미토일펜타펩타이드-4, 팔미토일트라이펩타이드-1, 팔미토일테트라펩타이드-7, 효모/왕벚나무껍질추출물발효여과물, 당개나리열매추출물, 울금뿌리추출물, 동백나무잎추출물, 캐롭열매추출물, 감추출물, 맥주효모추출물, 효모추출물, 보리추출물, 비피다발효용해물, 락토바실러스발효여과물, 프로폴리스추출물, 에틸헥실글리세린, 지황뿌리추출물, 산수유열매추출물, 질경이택사덩이줄기추출물, 모란뿌리추출물, 중국토복령추출물, 참마뿌리추출물, 하이드롤라이즈드금사연둥지추출물, 하이드롤라이즈드케라틴, 하이드롤라이즈드콜라겐, 하이드롤라이즈드실크, 하이드롤라이즈드엘라스틴, 하이드롤라이즈드콩단백질, 하이드롤라이즈드옥수수단백질, 소듐피씨에이, 소듐락테이트, 알지닌, 아스파틱애씨드, 피씨에이, 글라이신, 알라닌, 세린, 발린, 프롤린, 트레오닌, 아이소류신, 히스티딘, 페닐알라닌, 피이지-60하이드로제네이티드캐스터오일, 폴리솔베이트20, 향료, 코코다이모늄하이드록시프로필하이드롤라이즈드밀단백질, 다이소듐이디티에이","지성,건성,민감성,탈모"
9,9,1,https://www.oliveyoung.co.kr/store/goods/getGoodsDetail.do?goodsNo=A000000205782&dispCatNo=1000001000400070003&trackingCd=Cat1000001000400070003_Small&t_page=%EC%B9%B4%ED%85%8C%EA%B3%A0%EB%A6%AC%EA%B4%80&t_click=%EB%91%90%ED%94%BC%ED%8C%A9/%EC%8A%A4%EC%BC%80%EC%9D%BC%EB%9F%AC_%EC%86%8C_%EB%91%90%ED%94%BC%ED%8C%A9/%EC%8A%A4%EC%BC%80%EC%9D%BC%EB%9F%AC__%EC%83%81%ED%92%88%EC%83%81%EC%84%B8&t_number=10,https://image.oliveyoung.co.kr/cfimages/cf-goods/uploads/images/thumbnails/550/10/0000/0020/A00000020578203ko.jpg?l=ko,로레알,로레알파리 토탈리페어5 트리트먼트 헤어팩 700ml,4.8,21602,"정제수 세테아릴알코올 베헨트라이모늄클로라이드 글리세린 아모다이메티콘 세틸에스터 변성감자전분 아이소프로필알코올 황색4호 황색5호 쿼터늄-33 하이드록시프로필트리모늄하이드롤라이즈드밀단백질 소듐하이드록사이드 페녹시에탄올 알지닌 베헨트라이모늄메토설페이트 트라이데세스-6 클로헥시딘다이글루코네이트 벤질살리실레이트 벤질알코올 리날룰 2-올레아미도-1,3-옥타데칸다이올 세린 세트리모늄클로라이드 시트로넬올 세틸알코올 글루타믹애씨드 헥실신나몰 글리세릴리놀리에이트 글리세릴올리에이트 글리세릴리놀리네이트 향료",건성
10,10,1,https://www.oliveyoung.co.kr/store/goods/getGoodsDetail.do?goodsNo=A000000183433&dispCatNo=1000001000400070003&trackingCd=Cat1000001000400070003_Small&t_page=%EC%B9%B4%ED%85%8C%EA%B3%A0%EB%A6%AC%EA%B4%80&t_click=%EB%91%90%ED%94%BC%ED%8C%A9/%EC%8A%A4%EC%BC%80%EC%9D%BC%EB%9F%AC_%EC%86%8C_%EB%91%90%ED%94%BC%ED%8C%A9/%EC%8A%A4%EC%BC%80%EC%9D%BC%EB%9F%AC__%EC%83%81%ED%92%88%EC%83%81%EC%84%B8&t_number=11,https://image.oliveyoung.co.kr/cfimages/cf-goods/uploads/images/thumbnails/550/10/0000/0018/A00000018343302ko.jpg?l=ko,바이브랩,바이브랩 리바이브 테라피 헤어 브로우 래쉬 세럼 (헤어라인 겸용),4.7,790,"정제수, 글리세린, 부틸렌글라이콜, 1,2-헥산다이올, 트로메타민, 카보머, 프로판다이올, 다이소듐이디티에이, 피이지-40하이드로제네이티드캐스터오일, 사과세포배양추출물, 피피지-26-부테스-26, 지황뿌리추출물, 판테놀, 카프릴릴글라이콜, 구기자추출물, 비치스트로베리추출물, 불가리스매자뿌리추출물, 검은뽕나무열매추출물, 산수유열매추출물, 질경이택사덩이줄기추출물, 에틸헥실글리세린, 모란뿌리추출물, 참마뿌리추출물, 중국토복령추출물, 미리스토일펜타펩타이드-4, 알라닌/히스티딘/라이신폴리펩타이드카퍼에이치씨엘, 하이드록시아세토페논, 동백나무꽃추출물, 칼메그추출물, 카퍼트라이펩타이드-1, 요엽후박나무껍질추출물, 바이오틴, 펜틸렌글라이콜, 레스페데자 카피타타잎/줄기추출물, 스페인감초뿌리추출물, 마데카소사이드, 하이드록시프로필사이클로덱스트린, 병풀추출물, 데실글루코사이드, 감추출물, 동백나무잎추출물, 캐롭열매추출물, 녹차추출물, 황금추출물, 쓴풀추출물, 하수오뿌리추출물, 한련초추출물, 호장근뿌리추출물, 참당귀뿌리추출물, 울금뿌리추출물, 측백나무잎추출물, 생강추출물, 당개나리열매추출물, 오미자추출물, 은행나무잎추출물, 인삼추출물, 잇꽃꽃추출물, 감초뿌리추출물, 검정콩추출물, 산구절초추출물, 무화과추출물, 쑥잎추출물, 약모밀추출물, 영지버섯추출물, 고삼뿌리추출물, 석창포추출물, 마트리카리아꽃추출물, 로즈마리잎추출물, 아스퍼질러스발효물","건성,민감성,탈모"
11,11,1,https://www.oliveyoung.co.kr/store/goods/getGoodsDetail.do?goodsNo=A000000102316&dispCatNo=1000001000400070003&trackingCd=Cat1000001000400070003_Small&t_page=%EC%B9%B4%ED%85%8C%EA%B3%A0%EB%A6%AC%EA%B4%80&t_click=%EB%91%90%ED%94%BC%ED%8C%A9/%EC%8A%A4%EC%BC%80%EC%9D%BC%EB%9F%AC_%EC%86%8C_%EB%91%90%ED%94%BC%ED%8C%A9/%EC%8A%A4%EC%BC%80%EC%9D%BC%EB%9F%AC__%EC%83%81%ED%92%88%EC%83%81%EC%84%B8&t_number=12,https://image.oliveyoung.co.kr/cfimages/cf-goods/uploads/images/thumbnails/550/10/0000/0010/A00000010231606ko.jpg?l=ko,다슈,[변우석 Pick]다슈 안티헤어로스 픽서미스트 120ml (탈모증상완화),4.4,116,"정제수, 변성알코올, 브이피/브이에이코폴리머, 프로필렌글라이콜, 콘민트잎추출물, 향료, 멘톨, 살리실릭애씨드, 부틸렌글라이콜, 판테놀, 산구절초추출물, 알란토인, 스페인감초뿌리추출물, 페녹시에탄올, 다이소듐이디티에이, 석창포뿌리/줄기추출물, 서양측백나무잎추출물, 구기자추출물, 인삼추출물, 뽕나무뿌리추출물, 도꼬마리열매추출물, 바이오틴, 아미노메틸프로판올, 1,2-헥산다이올, 녹차추출물, 돌콩추출물, 에틸헥실글리세린, 시트로넬올, 리모넨, 하이드록시시트로넬알, 리날룰","지성,건성,민감성,탈모"
12,12,1,https://www.oliveyoung.co.kr/store/goods/getGoodsDetail.do?goodsNo=A000000102560&dispCatNo=1000001000400070003&trackingCd=Cat1000001000400070003_Small&t_page=%EC%B9%B4%ED%85%8C%EA%B3%A0%EB%A6%AC%EA%B4%80&t_click=%EB%91%90%ED%94%BC%ED%8C%A9/%EC%8A%A4%EC%BC%80%EC%9D%BC%EB%9F%AC_%EC%86%8C_%EB%91%90%ED%94%BC%ED%8C%A9/%EC%8A%A4%EC%BC%80%EC%9D%BC%EB%9F%AC__%EC%83%81%ED%92%88%EC%83%81%EC%84%B8&t_number=13,https://image.oliveyoung.co.kr/cfimages/cf-goods/uploads/images/thumbnails/550/10/0000/0010/A00000010256009ko.jpg?l=ko,다슈,[변우석 Pick]다슈 안티헤어로스 허브 헤어토닉 150ml (탈모증상완화도움 기능성),4.7,636,"정제수, 변성알코올, 부틸렌글라이콜, 인삼추출물, 서양측백나무잎추출물, 상백피추출물, 구절초추출물, 구기자추출물, 석창포뿌리/줄기추출물, 창이자추출물, ​감초추출물, 박하추출물, 어성초추출물, 녹차추출물, 자소엽추출물, 엘-멘톨, 트로메타민, 살리실산, D-판테놀, DL-피롤리돈카르복실산나트륨액, 하이드록시프로필트리모늄하이드롤라이즈드케라틴, 고삼추출물, 작약추출물, 로즈마리추출물, 비오틴, 하이드롤라이즈드케라틴, 하이드롤라이즈드실크, 하이드롤라이즈드밀단백질, 페녹시에탄올","탈모,비듬,민감성,지루성"
13,13,1,https://www.oliveyoung.co.kr/store/goods/getGoodsDetail.do?goodsNo=A000000111221&dispCatNo=1000001000400070003&trackingCd=Cat1000001000400070003_Small&t_page=%EC%B9%B4%ED%85%8C%EA%B3%A0%EB%A6%AC%EA%B4%80&t_click=%EB%91%90%ED%94%BC%ED%8C%A9/%EC%8A%A4%EC%BC%80%EC%9D%BC%EB%9F%AC_%EC%86%8C_%EB%91%90%ED%94%BC%ED%8C%A9/%EC%8A%A4%EC%BC%80%EC%9D%BC%EB%9F%AC__%EC%83%81%ED%92%88%EC%83%81%EC%84%B8&t_number=14,https://image.oliveyoung.co.kr/cfimages/cf-goods/uploads/images/thumbnails/550/10/0000/0011/A00000011122110ko.jpg?l=ko,다슈,[변우석 Pick]다슈 데일리 울트라 홀딩 스칼프 스프레이 200ml (탈모증상완화),4.6,1832,"■ 정제수, 변성알코올, 부틸렌글라이콜, 인삼추출물, 서양측백나무잎추출물, 상백피추출물, 구절초추출물, 구기자추출물, 석창포뿌리/줄기추출물, 창이자추출물, 감초추출물, 박하추출물, 페녹시에탄올, 피브이피, 브이피/브이에이코폴리머, 프로필렌글라이콜, 멘톨, 향료, 살리실릭애씨드, 판테놀, 알란토인, 녹차추출물, 검정콩추출물, 디소듐이디티에이, 바이오틴, 아미노메칠프로판올, 어성초추출물, 자소엽추출물, 고삼추출물, 작약추출물, 로즈마리추출물, 하이드롤라이즈드케라틴, 하이드롤라이즈드실크, 하이드롤라이즈드밀단백질 , 하이드록시프로필트리모늄하이드롤라이즈드케라틴, 1,2-헥산디올, 에칠헥실글리세린","지성,건성,민감성,탈모"
14,14,1,https://www.oliveyoung.co.kr/store/goods/getGoodsDetail.do?goodsNo=A000000125576&dispCatNo=1000001000400070003&trackingCd=Cat1000001000400070003_Small&t_page=%EC%B9%B4%ED%85%8C%EA%B3%A0%EB%A6%AC%EA%B4%80&t_click=%EB%91%90%ED%94%BC%ED%8C%A9/%EC%8A%A4%EC%BC%80%EC%9D%BC%EB%9F%AC_%EC%86%8C_%EB%91%90%ED%94%BC%ED%8C%A9/%EC%8A%A4%EC%BC%80%EC%9D%BC%EB%9F%AC__%EC%83%81%ED%92%88%EC%83%81%EC%84%B8&t_number=15,https://image.oliveyoung.co.kr/cfimages/cf-goods/uploads/images/thumbnails/550/10/0000/0012/A00000012557621ko.jpg?l=ko,달리프,[1등헤어토닉] 달리프 클로렐라 탈모증상완화 헤어토닉100ml (단품/기획) [탈모증상완화/두피강화],4.7,13198,"정제수,에탄올,엘-멘톨,살리실릭애씨드,피이지-60하이드로제네이티드캐스터오일,덱스판테놀,부틸렌글라이콜,피씨에이,트로메타민,클로렐라불가리스추출물(1,000ppm),글리세린,1,2-헥산다이올,알지닌,자이언트켈프추출물,다시마추출물,납작파래추출물,겔리듐카르틸라기네움추출물,개청각추출물,프리지어추출물,페퍼민트잎추출물,베르가못잎추출물,마트리카리아꽃추출물,로즈마리잎추출물,라벤더추출물,포르피리듐크루엔툼추출물,에틸헥실글리세린,하이드롤라이즈드옥수수단백질,하이드롤라이즈드콩단백질,하이드롤라이즈드밀단백질,향료,알파-아이소메틸아이오논,벤질살리실레이트,시트로넬올,헥실신남알,하이드록시시트로넬알,리날룰,부틸페닐메틸프로피오날","지성,건성,민감성,탈모"
15,15,1,https://www.oliveyoung.co.kr/store/goods/getGoodsDetail.do?goodsNo=A000000138447&dispCatNo=1000001000400070003&trackingCd=Cat1000001000400070003_Small&t_page=%EC%B9%B4%ED%85%8C%EA%B3%A0%EB%A6%AC%EA%B4%80&t_click=%EB%91%90%ED%94%BC%ED%8C%A9/%EC%8A%A4%EC%BC%80%EC%9D%BC%EB%9F%AC_%EC%86%8C_%EB%91%90%ED%94%BC%ED%8C%A9/%EC%8A%A4%EC%BC%80%EC%9D%BC%EB%9F%AC__%EC%83%81%ED%92%88%EC%83%81%EC%84%B8&t_number=16,https://image.oliveyoung.co.kr/cfimages/cf-goods/uploads/images/thumbnails/550/10/0000/0013/A00000013844720ko.jpg?l=ko,달리프,[앞머리&볼륨고정] 달리프글램 스타일링 헤어픽서 200ml [탈모증상완화/두피강화],4.4,3951,"변성알코올, 정제수, 옥틸아크릴아마이드/아크릴레이트/부틸아미노에틸메타크릴레이트코폴리머, 아미노메틸프로판올, 피브이피, 멘톨, 살리실릭애씨드, 판테놀, 코코-베타인, 소듐클로라이드, 생강추출물, 부틸렌글라이콜, 1,2-헥산다이올, 에틸헥실글리세린, 양파추출물, 사철쑥추출물, 브로콜리추출물,메티오닌, 시스테인. 글리세린, 귀리단백질추출물, 돌콩단백질, 하이드롤라이즈드옥수수단백질, 하이드롤라이즈드아마란스단백질, 하이드롤라이즈드코튼씨드단백질, 하이드롤라이즈드감자단백질, 하이드롤라이즈드블래더랙단백질, 쌀단백질, 스위트아몬드단백질, 줄맨드라미씨추출물, 옥수수전분, 벤질알코올, 페녹시에탄올, 포타슘솔베이트, 소듐벤조에이트, 글루코노락톤, 카프릴릴글라이콜, 페네틸알코올, 칼슘글루코네이트, 토코페롤, 향료, 하이드록시시트로넬알,제라니올, 리날룰, 시트로넬올, 헥실신남알, 리모넨, 알파-아이소메틸아이오논","지성,건성,민감성,탈모"
16,16,1,https://www.oliveyoung.co.kr/store/goods/getGoodsDetail.do?goodsNo=A000000139076&dispCatNo=1000001000400070003&trackingCd=Cat1000001000400070003_Small&t_page=%EC%B9%B4%ED%85%8C%EA%B3%A0%EB%A6%AC%EA%B4%80&t_click=%EB%91%90%ED%94%BC%ED%8C%A9/%EC%8A%A4%EC%BC%80%EC%9D%BC%EB%9F%AC_%EC%86%8C_%EB%91%90%ED%94%BC%ED%8C%A9/%EC%8A%A4%EC%BC%80%EC%9D%BC%EB%9F%AC__%EC%83%81%ED%92%88%EC%83%81%EC%84%B8&t_number=17,https://image.oliveyoung.co.kr/cfimages/cf-goods/uploads/images/thumbnails/550/10/0000/0013/A00000013907617ko.jpg?l=ko,달리프,[앞머리&볼륨고정] 달리프 스타일링 헤어 픽서 더블기획 (200ml+200ml)[탈모증상완화],4.4,4178,"■ 달리프 글램 스타일링 픽서 200ml변성알코올, 정제수, 옥틸아크릴아마이드/아크릴레이트/부틸아미노에틸메타크릴레이트코폴리머, 아미노메틸프로판올, 피브이피, 멘톨, 살리실릭애씨드, 판테놀, 코코-베타인, 소듐클로라이드, 생강추출물, 부틸렌글라이콜, 1,2-헥산다이올, 에틸헥실글리세린, 양파추출물, 사철쑥추출물, 브로콜리추출물,메티오닌, 시스테인. 글리세린, 귀리단백질추출물, 돌콩단백질, 하이드롤라이즈드옥수수단백질, 하이드롤라이즈드아마란스단백질, 하이드롤라이즈드코튼씨드단백질, 하이드롤라이즈드감자단백질, 하이드롤라이즈드블래더랙단백질, 쌀단백질, 스위트아몬드단백질, 줄맨드라미씨추출물, 옥수수전분, 벤질알코올, 페녹시에탄올, 포타슘솔베이트, 소듐벤조에이트, 글루코노락톤, 카프릴릴글라이콜, 페네틸알코올, 칼슘글루코네이트, 토코페롤, 향료, 하이드록시시트로넬알,제라니올, 리날룰, 시트로넬올, 헥실신남알, 리모넨, 알파-아이소메틸아이오논■ 증정 6ml (일랑로즈향)사이클로펜타실록세인, 다이메티콘, C12-15알킬벤조에이트, 아르간커넬오일, 동백나무씨오일, 달맞이꽃오일, 갈락토미세스발효여과물(0.1 ppm), 아보카도오일, 정제수, 올리브오일, 해바라기씨오일, 하이드롤라이즈드케라틴, 하이드롤라이즈드실크, 하이드롤라이즈드콜라겐, 소듐하이알루로네이트, 부틸렌글라이콜, 페녹시에탄올, 락토바실러스/알로에베라발효여과물, 1,2-헥산다이올, 카프릴릴글라이콜, 알라닌, 알지닌, 아스파틱애씨드, 시스틴, 글루타믹애씨드, 글라이신, 히스티딘, 아이소류신, 류신, 라이신, 메티오닌, 오르니틴, 페닐알라닌, 프롤린, 세린, 타우린, 트레오닌, 트립토판, 타이로신, 발린, 글루타민, 아스파라진, 향료, 벤질벤조에이트, 벤질살리실레이트, 쿠마린, 헥실신남알, 하이드록시시트로넬알, 리날룰■ 증정 6ml (레이니데이향)정제수, 코카미도프로필베타인, 다이소듐라우레스설포석시네이트, 소듐라우로일메틸아미노프로피오네이트, 코카마이드메틸엠이에이, 소듐클로라이드, 소듐코코일알라니네이트, 갈락토미세스발효여과물(10,000 ppm), 글리세린, 폴리쿼터늄-10, 피피지-3카프릴릴에터, 펜타소듐펜테테이트, 아크릴레이트코폴리머, 시트릭애씨드, 부틸렌글라이콜, 로즈마리잎추출물, 라벤더추출물, 페퍼민트잎추출물, 베르가못잎추출물, 프리지어추출물, 마트리카리아꽃추출물, 효모폴리펩타이드, 트로폴론, 소듐피씨에이, 소듐락테이트, 알지닌, 아스파틱애씨드, 피씨에이, 글라이신, 알라닌, 세린, 발린, 트레오닌, 프롤린, 아이소류신, 히스티딘, 페닐알라닌, 누에고치추출물, 1,2-헥산다이올, 헥실렌글라이콜, 라우릴피리디늄클로라이드, 에틸헥실글리세린, 카프릴릴글라이콜, 향료, 벤질살리실레이트, 리모넨, 리날룰, 부틸페닐메틸프로피오날","비듬,지성,건성,민감성,탈모"
17,17,1,https://www.oliveyoung.co.kr/store/goods/getGoodsDetail.do?goodsNo=A000000141339&dispCatNo=1000001000400070003&trackingCd=Cat1000001000400070003_Small&t_page=%EC%B9%B4%ED%85%8C%EA%B3%A0%EB%A6%AC%EA%B4%80&t_click=%EB%91%90%ED%94%BC%ED%8C%A9/%EC%8A%A4%EC%BC%80%EC%9D%BC%EB%9F%AC_%EC%86%8C_%EB%91%90%ED%94%BC%ED%8C%A9/%EC%8A%A4%EC%BC%80%EC%9D%BC%EB%9F%AC__%EC%83%81%ED%92%88%EC%83%81%EC%84%B8&t_number=18,https://image.oliveyoung.co.kr/cfimages/cf-goods/uploads/images/thumbnails/550/10/0000/0014/A00000014133908ko.jpg?l=ko,닥터포헤어,닥터포헤어 폴리젠 스칼프 팩 250ml (탈모기능성),4.7,2173,"정제수, 스테아릴알코올, 다이프로필렌글라이콜, 세틸알코올, 솔비톨, 스테아라미도프로필다이메틸아민, 돌콩추출물, 사발팜열매추출물, 하이드롤라이즈드콜라겐, 살구씨오일, 호호바씨오일, 드럼스틱씨오일, 온천수, 아르간커넬오일, 칸디다 봄비콜라/글루코오스/메틸레이프씨데이트발효물, 창포뿌리추출물, 비타민나무열매추출물, 락토바실러스발효물, 울금뿌리추출물, 병풀잎추출물, 편백잎추출물, 알로에베라잎추출물, 참마뿌리추출물, 아이소아밀라우레이트, 카프릴릴글라이콜, 아스파틱애씨드, 에틸헥실글리세린, 엘-멘톨, 살리실릭애씨드, 덱스판테놀, 글리세린, 펜틸렌글라이콜, 1,2-헥산다이올, 부틸렌글라이콜, 카프릴릭/카프릭트라이글리세라이드, 옥탄다이올, 레시틴, 폴리솔베이트80, 토코페롤, 세라마이드엔피, 바이오틴, 메틸프로판다이올, 말토덱스트린, 에탄올, 카페인, 향료, 헥실신남알","지성,건성,민감성,탈모"
18,18,1,https://www.oliveyoung.co.kr/store/goods/getGoodsDetail.do?goodsNo=A000000147390&dispCatNo=1000001000400070003&trackingCd=Cat1000001000400070003_Small&t_page=%EC%B9%B4%ED%85%8C%EA%B3%A0%EB%A6%AC%EA%B4%80&t_click=%EB%91%90%ED%94%BC%ED%8C%A9/%EC%8A%A4%EC%BC%80%EC%9D%BC%EB%9F%AC_%EC%86%8C_%EB%91%90%ED%94%BC%ED%8C%A9/%EC%8A%A4%EC%BC%80%EC%9D%BC%EB%9F%AC__%EC%83%81%ED%92%88%EC%83%81%EC%84%B8&t_number=19,https://image.oliveyoung.co.kr/cfimages/cf-goods/uploads/images/thumbnails/550/10/0000/0014/A00000014739002ko.jpg?l=ko,디오디너리,디오디너리 헤어 케어 멀티-펩타이드 세럼 포 헤어 덴시티 60ml,4.7,193,"정제수, 프로판다이올, 부틸렌글라이콜, 글리세린, 카페인, 바이오티노일트라이펩타이드-1, 아세틸테트라펩타이드-3, 유럽잎갈나무목부추출물, 완두콩전조추출물, 황금추출물, 밀배아추출물, 돌콩배아추출물, 붉은토끼풀꽃추출물, 녹차추출물, 아피제닌, 올레아놀릭애씨드, 알지닌, 글라이신, 칼슘글루코네이트, 징크클로라이드, 락틱애씨드, 글루코노락톤, 덱스트란, 말토덱스트린, 하이드록시에틸셀룰로오스, 잔탄검, 펜틸렌글라이콜, 다이메틸아이소소바이드, 폴리솔베이트20, 피피지-26-부테스-26, 피이지-40하이드로제네이티드캐스터오일, 트라이소듐에틸렌다이아민다이석시네이트, 소듐메타바이설파이트, 소듐벤조에이트, 페녹시에탄올, 클로페네신","건성,민감성,탈모"
19,19,1,https://www.oliveyoung.co.kr/store/goods/getGoodsDetail.do?goodsNo=A000000148189&dispCatNo=1000001000400070003&trackingCd=Cat1000001000400070003_Small&t_page=%EC%B9%B4%ED%85%8C%EA%B3%A0%EB%A6%AC%EA%B4%80&t_click=%EB%91%90%ED%94%BC%ED%8C%A9/%EC%8A%A4%EC%BC%80%EC%9D%BC%EB%9F%AC_%EC%86%8C_%EB%91%90%ED%94%BC%ED%8C%A9/%EC%8A%A4%EC%BC%80%EC%9D%BC%EB%9F%AC__%EC%83%81%ED%92%88%EC%83%81%EC%84%B8&t_number=20,https://image.oliveyoung.co.kr/cfimages/cf-goods/uploads/images/thumbnails/550/10/0000/0014/A00000014818909ko.jpg?l=ko,밀크바오밥,밀크바오밥 시카 리프레싱 스칼프 팩 500ml,4.7,214,"정제수, 글리세린, 카프릴릭/카프릭트라이글리세라이드, 세테아릴알코올, 베헨트라이모늄클로라이드, 코코넛야자오일, 향료, 아르간커넬오일, 호동씨오일, 부틸렌글라이콜, 다시마추출물, 창포뿌리추출물, 콩오일, 토코페롤, 하이드로제네이티드레시틴, 폴리글리세릴-4카프레이트, 스테아릭애씨드, *병풀추출물, *아시아티코사이드, *마데카소사이드, *마데카식애씨드, *아시아틱애씨드, 우유추출물(1,000ppm), 바오밥나무씨추출물(1,000ppm), 스피어민트잎추출물, 애플민트잎추출물, 페퍼민트잎추출물, 클로로필린-카퍼컴플렉스, 옥수수전분, 마이크로크리스탈린셀룰로오스, 만니톨, 크로뮴옥사이드그린, 수크로오스, 토코페릴아세테이트, 멘톨, 시트릭애씨드, 1,2-헥산다이올, 카프릴릴글라이콜, 에틸헥실글리세린, 소듐벤조에이트, 다이소듐이디티에이, 벤질살리실레이트, 시트랄, 헥실신남알, 리모넨, 리날룰","지성,건성,민감성"
20,20,1,https://www.oliveyoung.co.kr/store/goods/getGoodsDetail.do?goodsNo=A000000155093&dispCatNo=1000001000400070003&trackingCd=Cat1000001000400070003_Small&t_page=%EC%B9%B4%ED%85%8C%EA%B3%A0%EB%A6%AC%EA%B4%80&t_click=%EB%91%90%ED%94%BC%ED%8C%A9/%EC%8A%A4%EC%BC%80%EC%9D%BC%EB%9F%AC_%EC%86%8C_%EB%91%90%ED%94%BC%ED%8C%A9/%EC%8A%A4%EC%BC%80%EC%9D%BC%EB%9F%AC__%EC%83%81%ED%92%88%EC%83%81%EC%84%B8&t_number=21,https://image.oliveyoung.co.kr/cfimages/cf-goods/uploads/images/thumbnails/550/10/0000/0015/A00000015509312ko.jpg?l=ko,달리프,달리프 애플민트 쿨링 스케일러 250g (탈모증상완화/두피노폐물흡착),4.8,2834,"소듐클로라이드 (364,000 ppm), 정제수, 코코-베타인, 코카마이드엠이에이, 글리세린, 소듐라우로일글루타메이트, 다이소듐라우레스설포석시네이트, 피피지-3카프릴릴에터, 에탄올, 멘톨, 소듐벤조에이트, 애플민트잎추출물 (4,400 ppm), 아이소프로필미리스테이트, 트라이하이드록시스테아린, 폴리쿼터늄-10, 덱스판테놀, 살리실릭애씨드, 수크로오스스테아레이트, 콘민트오일, 나이아신아마이드, 펜타소듐펜테테이트, 부틸렌글라이콜, 말토덱스트린, 1,2-헥산다이올, 카라멜, 빙하수, 자이언트켈프추출물, 다시마추출물, 납작파래추출물, 겔리듐 카르틸라기네움추출물, 개청각추출물, 유칼립투스잎추출물, 붉나무추출물, 비니거, 티트리잎추출물, 살비아잎추출물, 동백나무꽃추출물, 펜틸렌글라이콜, 백미꽃추출물, 카프릴릴글라이콜, 사이클로덱스트린, 영릉향추출물, 금불초꽃추출물, 산소","비듬,지성,건성,민감성,탈모"
21,21,1,https://www.oliveyoung.co.kr/store/goods/getGoodsDetail.do?goodsNo=A000000157550&dispCatNo=1000001000400070003&trackingCd=Cat1000001000400070003_Small&t_page=%EC%B9%B4%ED%85%8C%EA%B3%A0%EB%A6%AC%EA%B4%80&t_click=%EB%91%90%ED%94%BC%ED%8C%A9/%EC%8A%A4%EC%BC%80%EC%9D%BC%EB%9F%AC_%EC%86%8C_%EB%91%90%ED%94%BC%ED%8C%A9/%EC%8A%A4%EC%BC%80%EC%9D%BC%EB%9F%AC__%EC%83%81%ED%92%88%EC%83%81%EC%84%B8&t_number=22,https://image.oliveyoung.co.kr/cfimages/cf-goods/uploads/images/thumbnails/550/10/0000/0015/A00000015755006ko.jpg?l=ko,밀크바오밥,밀크바오밥 시카 리프레싱 헤어 500ml 2종 택1,4.7,484,"정제수, 다이소듐라우레스설포석시네이트, 코카미도프로필하이드록시설테인, 코카마이드메틸엠이에이, 글리세린, 부틸렌글라이콜, 데실글루코사이드, 다시마추출물, 창포뿌리추출물, 콩오일, 토코페롤, 하이드로제네이티드레시틴, 폴리글리세릴-4카프레이트, 스테아릭애씨드, *병풀추출물, *아시아티코사이드, *마데카소사이드, *마데카식애씨드, *아시아틱애씨드, 우유추출물(1,000ppm), 바오밥나무씨추출물(1,000ppm), 스피어민트잎추출물, 애플민트잎추출물, 페퍼민트잎추출물, 클로로필린-카퍼컴플렉스, 멘톨, 폴리쿼터늄-7, 폴리쿼터늄-10, 시트릭애씨드, 글루코노락톤, 소듐클로라이드, 1,2-헥산다이올, 카프릴릴글라이콜, 에틸헥실글리세린, 소듐벤조에이트, 다이소듐이디티에이, 향료, 시트랄, 헥실신남알, 리모넨, 리날룰","건성,비듬,민감성"
22,22,1,https://www.oliveyoung.co.kr/store/goods/getGoodsDetail.do?goodsNo=A000000157780&dispCatNo=1000001000400070003&trackingCd=Cat1000001000400070003_Small&t_page=%EC%B9%B4%ED%85%8C%EA%B3%A0%EB%A6%AC%EA%B4%80&t_click=%EB%91%90%ED%94%BC%ED%8C%A9/%EC%8A%A4%EC%BC%80%EC%9D%BC%EB%9F%AC_%EC%86%8C_%EB%91%90%ED%94%BC%ED%8C%A9/%EC%8A%A4%EC%BC%80%EC%9D%BC%EB%9F%AC__%EC%83%81%ED%92%88%EC%83%81%EC%84%B8&t_number=23,https://image.oliveyoung.co.kr/cfimages/cf-goods/uploads/images/thumbnails/550/10/0000/0015/A00000015778015ko.jpg?l=ko,클로란,클로란 망고버터 헤어팩 200ml (손상&건조모발),4.7,87,"정제수, 세틸알코올, 에틸헥실팔미테이트, 베헨아미도프로필다이메틸아민, 다이카프릴릴카보네이트, 세테아릴알코올, 1,2-헥산다이올, 망고씨버터(0.5%), 벤조익애씨드(0.18%), 세테아릴글루코사이드, 향료, 락틱애씨드, 스클레로튬검, 토코페롤, 황색4호(CI19140), 황색5호(CI15985)",민감성
23,23,1,https://www.oliveyoung.co.kr/store/goods/getGoodsDetail.do?goodsNo=A000000157784&dispCatNo=1000001000400070003&trackingCd=Cat1000001000400070003_Small&t_page=%EC%B9%B4%ED%85%8C%EA%B3%A0%EB%A6%AC%EA%B4%80&t_click=%EB%91%90%ED%94%BC%ED%8C%A9/%EC%8A%A4%EC%BC%80%EC%9D%BC%EB%9F%AC_%EC%86%8C_%EB%91%90%ED%94%BC%ED%8C%A9/%EC%8A%A4%EC%BC%80%EC%9D%BC%EB%9F%AC__%EC%83%81%ED%92%88%EC%83%81%EC%84%B8&t_number=24,https://image.oliveyoung.co.kr/cfimages/cf-goods/uploads/images/thumbnails/550/10/0000/0015/A00000015778415ko.jpg?l=ko,클로란,클로란 퀴닌 에델바이스 두피팩 200ml (두피활력&모발강화),4.6,141,"정제수, 하이드록시프로필스타치포스페이트, 세테아릴알코올, 베헨아미도프로필다이메틸아민, 글리세린, 코코-카프릴레이트/카프레이트, 1.2-헥산다이올, 키나나무껍질추출물(0.0097%), 에델바이스꽃/잎추출물(0.00075%), 카페인, 바이오틴, 나이아신아마이드, 판테놀, 해바라기씨오일, 에탄올, 벤조익애씨드, 세테아레스-33, 시트릭애씨드, 향료, 락틱애씨드, 판토락톤, 포타슘솔베이트, 피리독신에이치씨엘, 소듐벤조에이트, 토코페롤, 트라이소듐에틸렌다이아민다이석시네이트","건성,민감성,탈모"
24,24,2,https://www.oliveyoung.co.kr/store/goods/getGoodsDetail.do?goodsNo=A000000157787&dispCatNo=1000001000400070003&trackingCd=Cat1000001000400070003_Small&t_page=%EC%B9%B4%ED%85%8C%EA%B3%A0%EB%A6%AC%EA%B4%80&t_click=%EB%91%90%ED%94%BC%ED%8C%A9/%EC%8A%A4%EC%BC%80%EC%9D%BC%EB%9F%AC_%EC%86%8C_%EB%91%90%ED%94%BC%ED%8C%A9/%EC%8A%A4%EC%BC%80%EC%9D%BC%EB%9F%AC__%EC%83%81%ED%92%88%EC%83%81%EC%84%B8&t_number=1,https://image.oliveyoung.co.kr/cfimages/cf-goods/uploads/images/thumbnails/550/10/0000/0015/A00000015778730ko.jpg?l=ko,클로란,클로란 아쿠아민트 두피팩 150ml(두피항산화&쿨링),4.8,370,"정제수, 베헨아미도프로필다이메틸아민, 베헤닐알코올, 글리세린, 다이카프릴릴카보네이트, 베타인, 락틱애씨드, 하이드록시프로필스타치포스페이트, C14-22알코올, 카프릴릭/카프릭트라이글리세라이드, 워터민트꽃/잎/줄기추출물(0.12%),멘톨,벤질살리실레이트,C12-20알킬글루코사이드, 시트릭애씨드, 향료, 구아하이드록시프로필트라이모늄클로라이드, 리날룰, 페녹시에탄올, 프로판다이올, 살리실릭애씨드, 소듐벤조에이트, 토코페롤, 트라이소듐에틸렌다이아민다이석시네이트","지성,건성,민감성"
25,25,2,https://www.oliveyoung.co.kr/store/goods/getGoodsDetail.do?goodsNo=A000000157800&dispCatNo=1000001000400070003&trackingCd=Cat1000001000400070003_Small&t_page=%EC%B9%B4%ED%85%8C%EA%B3%A0%EB%A6%AC%EA%B4%80&t_click=%EB%91%90%ED%94%BC%ED%8C%A9/%EC%8A%A4%EC%BC%80%EC%9D%BC%EB%9F%AC_%EC%86%8C_%EB%91%90%ED%94%BC%ED%8C%A9/%EC%8A%A4%EC%BC%80%EC%9D%BC%EB%9F%AC__%EC%83%81%ED%92%88%EC%83%81%EC%84%B8&t_number=2,https://image.oliveyoung.co.kr/cfimages/cf-goods/uploads/images/thumbnails/550/10/0000/0015/A00000015780015ko.jpg?l=ko,클로란,클로란 쿠푸아수 버터 리페어 인텐시브 밤 150ml (극손상모발&스타일링),4.5,105,"정제수, 글라이콜팔미테이트, 베헤닐알코올, 카프릴릭/카프릭트라이글리세라이드, 코코넛야자오일, 쿠푸아수씨버터(4.9975%), 베헨아미도프로필다이메틸아민, 다이카프릴릴카보네이트, 세테아릴알코올, 글리세린, 베타인, 1.2-헥산다이올, 해바라기씨오일, 토코페롤, 알파-아이소메틸아이오논, 벤조익애씨드, 카라멜, 세테아릴글루코사이드, 시트랄, 시트릭애씨드, 시트로넬올, 쿠마린, 향료, 제라니올, 락틱애씨드, 리모넨","건성,민감성"
26,26,2,https://www.oliveyoung.co.kr/store/goods/getGoodsDetail.do?goodsNo=A000000157801&dispCatNo=1000001000400070003&trackingCd=Cat1000001000400070003_Small&t_page=%EC%B9%B4%ED%85%8C%EA%B3%A0%EB%A6%AC%EA%B4%80&t_click=%EB%91%90%ED%94%BC%ED%8C%A9/%EC%8A%A4%EC%BC%80%EC%9D%BC%EB%9F%AC_%EC%86%8C_%EB%91%90%ED%94%BC%ED%8C%A9/%EC%8A%A4%EC%BC%80%EC%9D%BC%EB%9F%AC__%EC%83%81%ED%92%88%EC%83%81%EC%84%B8&t_number=3,https://image.oliveyoung.co.kr/cfimages/cf-goods/uploads/images/thumbnails/550/10/0000/0015/A00000015780142ko.jpg?l=ko,클로란,클로란 피오니 두피팩 150ml (민감두피&두피진정),4.8,1185,"정제수, 펜틸렌글라이콜, 하이드록시프로필스타치포스페이트, 글리세린, 베타인, 베헨아미도프로필다이메틸아민, 프로필렌글라이콜, 작약뿌리추출물(0.07%), 향료, 락틱애씨드, 스클레로튬검, 트라이소듐에틸렌다이아민다이석시네이트","건성,민감성"
27,27,2,https://www.oliveyoung.co.kr/store/goods/getGoodsDetail.do?goodsNo=A000000161763&dispCatNo=1000001000400070003&trackingCd=Cat1000001000400070003_Small&t_page=%EC%B9%B4%ED%85%8C%EA%B3%A0%EB%A6%AC%EA%B4%80&t_click=%EB%91%90%ED%94%BC%ED%8C%A9/%EC%8A%A4%EC%BC%80%EC%9D%BC%EB%9F%AC_%EC%86%8C_%EB%91%90%ED%94%BC%ED%8C%A9/%EC%8A%A4%EC%BC%80%EC%9D%BC%EB%9F%AC__%EC%83%81%ED%92%88%EC%83%81%EC%84%B8&t_number=4,https://image.oliveyoung.co.kr/cfimages/cf-goods/uploads/images/thumbnails/550/10/0000/0016/A00000016176304ko.jpg?l=ko,루톤,루톤 여성두피용 알파 에르겐 헤어토닉 150ml(탈모증상완화),4.8,662,"정제수, 변성알코올, 글리세린, C12-14파레스-12, 캠퍼, 부틸렌글라이콜, 감추출물, 동백나무잎추출물, 캐롭열매추출물, 1,2-헥산다이올, 라이신, 알지닌, 아스파틱애씨드, 트레오닌, 세린, 글루타믹애씨드, 프롤린, 글라이신, 알라닌, 발린, 메티오닌, 아이소류신, 류신, 타이로신, 페닐알라닌, 히스티딘, 시스테인, 트립토판, 아스파라진, 글루타민, 맥아추출물, 쌀겨수, 보리추출물, 쌀추출물, 사과추출물, 당근추출물, 시금치추출물, 녹두싹추출물, 아마씨추출물, 옥수수커넬추출물, 콩추출물, 회향추출물, 호밀추출물, 참깨추출물, 귀리짚추출물, 밀단백질, 석류추출물, 참당귀뿌리추출물, 하수오뿌리추출물, 뽕나무뿌리추출물, 고삼뿌리추출물, 덱스판테놀, 멘톨, 살리실릭애씨드, 바이오틴, 나이아신아마이드, 만니톨, 암모늄글리시리제이트, 카페인, 징크글루코네이트, 가시칠엽수씨추출물, 알란토인, 트레할로오스, 메틸프로판다이올, 클림바졸, 글리세릴카프릴레이트, 다이포타슘글리시리제이트, 에틸헥실글리세린, 다이소듐이디티에이, 유칼립투스잎오일, 센티드제라늄꽃오일, 라벤더오일, 리모넨, 리날룰, 시트로넬올, 제라니올","지성,건성,민감성,탈모"
28,28,2,https://www.oliveyoung.co.kr/store/goods/getGoodsDetail.do?goodsNo=A000000163100&dispCatNo=1000001000400070003&trackingCd=Cat1000001000400070003_Small&t_page=%EC%B9%B4%ED%85%8C%EA%B3%A0%EB%A6%AC%EA%B4%80&t_click=%EB%91%90%ED%94%BC%ED%8C%A9/%EC%8A%A4%EC%BC%80%EC%9D%BC%EB%9F%AC_%EC%86%8C_%EB%91%90%ED%94%BC%ED%8C%A9/%EC%8A%A4%EC%BC%80%EC%9D%BC%EB%9F%AC__%EC%83%81%ED%92%88%EC%83%81%EC%84%B8&t_number=5,https://image.oliveyoung.co.kr/cfimages/cf-goods/uploads/images/thumbnails/550/10/0000/0016/A00000016310005ko.jpg?l=ko,닥터포헤어,[두피 스케일링] 닥터포헤어 피토프레시 스칼프 헤어 스케일러 200ml,4.7,1356,"정제수, 소듐메틸코코일타우레이트, 코카마이드메틸엠이에이, 글리세린, 코카마이드엠이에이, 코코-베타인, 에탄올, 소듐폴리아크릴레이트, 멘톨, 소듐클로라이드, 폴리솔베이트20, 에틸헥실스테아레이트, 카보머, 코코넛애씨드, 부틸렌글라이콜, 판테놀, 소듐메틸타우레이트, 트라이데세스-6, 페퍼민트오일, 토코페릴아세테이트, 콘민트오일, 살리실릭애씨드, 다이소듐이디티에이, 다이포타슘글리시리제이트, 락틱애씨드, 트레할로오스, 구아하이드록시프로필트라이모늄클로라이드, 밤부사 불가리스수, 티트리잎오일, 벤질살리실레이트, 아인콘위트줄기수, 붉나무충영추출물, 트리리프솝베리열매추출물, 비누풀잎추출물, 드럼스틱씨추출물, 하이드록시시트로넬알, 소듐락테이트, 다이프로필렌글라이콜, 마트리카리아꽃/잎추출물, 로즈마리꽃추출물, 펜틸렌글라이콜, 오레가노잎추출물, 스피어민트추출물, 버지니아풍년화껍질/잎/잔가지추출물, 레몬밤추출물, 동백나무꽃추출물, 토코페롤, 베타-글루칸, 칡뿌리추출물, 시트릭애씨드, 소듐시트레이트, 대왕송잎추출물, 당느릅나무뿌리추출물, 달맞이꽃추출물, 라벤더꽃추출물, 폴릭애씨드, 판토테닉애씨드, 티아민에이치씨엘, 카르니틴에이치씨엘, 아스코빅애씨드, 바이오틴, 리보플라빈, 레티닐팔미테이트, 나이아신, 알진, 프로판다이올, 카프릴릴글라이콜, 알란토인, 에틸헥실글리세린, 1,2-헥산다이올, 페녹시에탄올, 포타슘솔베이트, 소듐벤조에이트, 향료, 리모넨, 리날룰, 파네솔, 제라니올, 시트로넬올","지성,건성,민감성,탈모"
29,29,2,https://www.oliveyoung.co.kr/store/goods/getGoodsDetail.do?goodsNo=A000000163113&dispCatNo=1000001000400070003&trackingCd=Cat1000001000400070003_Small&t_page=%EC%B9%B4%ED%85%8C%EA%B3%A0%EB%A6%AC%EA%B4%80&t_click=%EB%91%90%ED%94%BC%ED%8C%A9/%EC%8A%A4%EC%BC%80%EC%9D%BC%EB%9F%AC_%EC%86%8C_%EB%91%90%ED%94%BC%ED%8C%A9/%EC%8A%A4%EC%BC%80%EC%9D%BC%EB%9F%AC__%EC%83%81%ED%92%88%EC%83%81%EC%84%B8&t_number=6,https://image.oliveyoung.co.kr/cfimages/cf-goods/uploads/images/thumbnails/550/10/0000/0016/A00000016311302ko.jpg?l=ko,록시땅,록시땅 인텐시브 리페어 마스크 200ml,4.7,9,정제수 세테아릴알코올 다이스테아로일에틸다이모늄클로라이드 세틸에스터 코코-카프릴레이트/카프레이트 글리세린 호호바에스터 해바라기씨왁스 해바라기씨오일 오렌지껍질오일 라벤더오일 센티드제라늄잎오일 검은귀리추출물 일랑일랑꽃오일 안젤리카뿌리오일 안젤리카씨오일 세트리모늄클로라이드 하이드록시에틸셀룰로오스 판테놀 에틸헥실글리세린 폴리글리세린-3 소듐하이드록사이드 레시틴 다이소듐포스페이트 폴리솔베이트60 토코페롤 포타슘솔베이트 소듐포스페이트 시트릭애씨드 향료 리날룰 리모넨 적색산화철,"건성,민감성,탈모"
30,30,2,https://www.oliveyoung.co.kr/store/goods/getGoodsDetail.do?goodsNo=A000000163500&dispCatNo=1000001000400070003&trackingCd=Cat1000001000400070003_Small&t_page=%EC%B9%B4%ED%85%8C%EA%B3%A0%EB%A6%AC%EA%B4%80&t_click=%EB%91%90%ED%94%BC%ED%8C%A9/%EC%8A%A4%EC%BC%80%EC%9D%BC%EB%9F%AC_%EC%86%8C_%EB%91%90%ED%94%BC%ED%8C%A9/%EC%8A%A4%EC%BC%80%EC%9D%BC%EB%9F%AC__%EC%83%81%ED%92%88%EC%83%81%EC%84%B8&t_number=7,https://image.oliveyoung.co.kr/cfimages/cf-goods/uploads/images/thumbnails/550/10/0000/0016/A00000016350009ko.jpg?l=ko,그로우어스,그로우어스 씨솔트 테라피 두피스케일러 250g,4.6,537,"소듐클로라이드(352,840ppm), 해수(150,000ppm), 정제수, 글리세린, 코카마이드미파, 소듐라우로일글루타메이트, 데실글루코사이드, 라우릴베타인, 다이소듐라우레스설포석시네이트, 글라이콜다이스테아레이트, 솔비톨, 카프릴릴글라이콜, 멘톨, 다시마가루, 살리실릭애씨드, 판테놀, 구아하이드록시프로필트라이모늄클로라이드, 나이아신아마이드, 다이소듐이디티에이, 씨솔트(1,000ppm), 카라멜, 다이프로필렌글라이콜, 글리세릴카프릴레이트, 부틸렌글라이콜, 스피룰리나 플라텐시스추출물, 1,2-헥산다이올, 다시마추출물, 미역추출물, 에틸헥실글리세린, 향료, 알파-아이소메틸아이오논, 리모넨, 리날룰","비듬,지성,건성,민감성,탈모"
31,31,2,https://www.oliveyoung.co.kr/store/goods/getGoodsDetail.do?goodsNo=A000000164127&dispCatNo=1000001000400070003&trackingCd=Cat1000001000400070003_Small&t_page=%EC%B9%B4%ED%85%8C%EA%B3%A0%EB%A6%AC%EA%B4%80&t_click=%EB%91%90%ED%94%BC%ED%8C%A9/%EC%8A%A4%EC%BC%80%EC%9D%BC%EB%9F%AC_%EC%86%8C_%EB%91%90%ED%94%BC%ED%8C%A9/%EC%8A%A4%EC%BC%80%EC%9D%BC%EB%9F%AC__%EC%83%81%ED%92%88%EC%83%81%EC%84%B8&t_number=8,https://image.oliveyoung.co.kr/cfimages/cf-goods/uploads/images/thumbnails/550/10/0000/0016/A00000016412721ko.jpg?l=ko,달리프,달리프 애플민트 쿨링 스케일러 250g(100g 증정)(탈모증상완화),4.8,2834,"소듐클로라이드 (364,000 ppm), 정제수, 코코-베타인, 코카마이드엠이에이, 글리세린, 소듐라우로일글루타메이트, 다이소듐라우레스설포석시네이트, 피피지-3카프릴릴에터, 에탄올, 멘톨, 소듐벤조에이트, 애플민트잎추출물 (4,400 ppm), 아이소프로필미리스테이트, 트라이하이드록시스테아린, 폴리쿼터늄-10, 덱스판테놀, 살리실릭애씨드, 수크로오스스테아레이트, 콘민트오일, 나이아신아마이드, 펜타소듐펜테테이트, 부틸렌글라이콜, 말토덱스트린, 1,2-헥산다이올, 카라멜, 빙하수, 자이언트켈프추출물, 다시마추출물, 납작파래추출물, 겔리듐 카르틸라기네움추출물, 개청각추출물, 유칼립투스잎추출물, 붉나무추출물, 비니거, 티트리잎추출물, 살비아잎추출물, 동백나무꽃추출물, 펜틸렌글라이콜, 백미꽃추출물, 카프릴릴글라이콜, 사이클로덱스트린, 영릉향추출물, 금불초꽃추출물, 산소","비듬,지성,건성,민감성,탈모"
32,32,2,https://www.oliveyoung.co.kr/store/goods/getGoodsDetail.do?goodsNo=A000000164646&dispCatNo=1000001000400070003&trackingCd=Cat1000001000400070003_Small&t_page=%EC%B9%B4%ED%85%8C%EA%B3%A0%EB%A6%AC%EA%B4%80&t_click=%EB%91%90%ED%94%BC%ED%8C%A9/%EC%8A%A4%EC%BC%80%EC%9D%BC%EB%9F%AC_%EC%86%8C_%EB%91%90%ED%94%BC%ED%8C%A9/%EC%8A%A4%EC%BC%80%EC%9D%BC%EB%9F%AC__%EC%83%81%ED%92%88%EC%83%81%EC%84%B8&t_number=9,https://image.oliveyoung.co.kr/cfimages/cf-goods/uploads/images/thumbnails/550/10/0000/0016/A00000016464612ko.jpg?l=ko,트리셀,트리셀 콜라겐 부스트 스칼프팩 200ml,4.8,112,"정제수, 세테아릴알코올, 프로필렌글라이콜, 다이카프릴릴카보네이트, 메도우폼씨오일, 스테아트라이모늄클로라이드, 베헨트라이모늄클로라이드, 부틸렌글라이콜, 에틸헥실팔미테이트, 카페인, 향료, 카프릴릴글라이콜, 피피지-3벤질에터미리스테이트, 폴리쿼터늄-10, 하이드롤라이즈드콜라겐, 살리실릭애씨드, 덱스판테놀, 아스코빅애씨드, 마그네슘아스코빌포스페이트, 나이아신아마이드, 다이소듐이디티에이, 알지닌, 자주천인국추출물, 당근잎추출물, 시트릭애씨드, 하이드로제네이티드레시틴, 1,2-헥산다이올, 동백나무씨오일, 폴리솔베이트60, 호호바씨오일, 비타민나무열매오일, 병풀추출물, 약모밀추출물, 글리세릴카프릴레이트, 글리세릴폴리메타크릴레이트, 소듐클로라이드, 자이언트켈프추출물, 에틸헥실글리세린, 감태추출물, 수용성콜라겐, 소듐락테이트, 비타민나무열매추출물, 톳추출물, 모자반추출물, 미역추출물, 해바라기씨오일, 청각추출물, 아세틸헥사펩타이드-8, 팔미토일트라이펩타이드-1","지성,건성,민감성,탈모"
33,33,2,https://www.oliveyoung.co.kr/store/goods/getGoodsDetail.do?goodsNo=A000000165227&dispCatNo=1000001000400070003&trackingCd=Cat1000001000400070003_Small&t_page=%EC%B9%B4%ED%85%8C%EA%B3%A0%EB%A6%AC%EA%B4%80&t_click=%EB%91%90%ED%94%BC%ED%8C%A9/%EC%8A%A4%EC%BC%80%EC%9D%BC%EB%9F%AC_%EC%86%8C_%EB%91%90%ED%94%BC%ED%8C%A9/%EC%8A%A4%EC%BC%80%EC%9D%BC%EB%9F%AC__%EC%83%81%ED%92%88%EC%83%81%EC%84%B8&t_number=10,https://image.oliveyoung.co.kr/cfimages/cf-goods/uploads/images/thumbnails/550/10/0000/0016/A00000016522708ko.jpg?l=ko,아로마티카,아로마티카 탈모증상완화 로즈마리 스칼프 스크럽 165g,4.6,1561,"씨솔트, 정제수, 소듐클로라이드, 소듐메틸코코일타우레이트, 글리세린, 코코-베타인, 라우릴베타인, 생강추출물, 잔탄검, 프로판다이올, 에틸헥실글리세린, 로즈마리잎오일(4,630ppm), 로즈마리잎추출물(42ppm), 소나무잎추출물, 바질잎추출물, 홀리바질잎추출물, 오레가노잎추출물, 비피다발효용해물, 락토바실러스발효용해물, 카페인, 덱스판테놀, 드럼스틱씨오일, 멘톨, 살리실릭애씨드, 아틀라스시다나무껍질오일, 분비나무오일, 솔잣나무오일, 나이아신아마이드, 마트리카리아꽃추출물, 마편초추출물, 벤조인나무수지추출물, 다이프로필렌글라이콜, *리모넨, 구아하이드록시프로필트라이모늄클로라이드, 인도멀구슬나무잎추출물, 인도멀구슬나무꽃추출물, 아이비고드열매추출물, 호박가루, 가지열매추출물, 울금뿌리추출물, 참산호말추출물, 다이소듐이디티에이, 1,2-헥산다이올, 에탄올","지성,건성,민감성,탈모"
34,34,2,https://www.oliveyoung.co.kr/store/goods/getGoodsDetail.do?goodsNo=A000000165908&dispCatNo=1000001000400070003&trackingCd=Cat1000001000400070003_Small&t_page=%EC%B9%B4%ED%85%8C%EA%B3%A0%EB%A6%AC%EA%B4%80&t_click=%EB%91%90%ED%94%BC%ED%8C%A9/%EC%8A%A4%EC%BC%80%EC%9D%BC%EB%9F%AC_%EC%86%8C_%EB%91%90%ED%94%BC%ED%8C%A9/%EC%8A%A4%EC%BC%80%EC%9D%BC%EB%9F%AC__%EC%83%81%ED%92%88%EC%83%81%EC%84%B8&t_number=11,https://image.oliveyoung.co.kr/cfimages/cf-goods/uploads/images/thumbnails/550/10/0000/0016/A00000016590815ko.jpg?l=ko,엘라스틴,엘라스틴 프로폴리테라 헤어로스컨트롤 4종 택 1 (탈모증상완화),4.8,160,"정제수, 소듐C14-16올레핀설포네이트, 코카미도프로필베타인, 소듐클로라이드, 알지닌, 피피지-3카프릴릴에터, 헥실렌글라이콜, 다이소듐코코암포다이아세테이트, 코코-글루코사이드, 알지닌/라이신폴리펩타이드, 하이드롤라이즈드케라틴, 하이드롤라이즈드콜라겐, 하이드롤라이즈드실크, 티이에이-코코일글루타메이트, 프로폴리스추출물(20 ppm), 로얄젤리추출물, 꿀추출물, 바이오틴, 하이알루로닉애씨드, 카페인, 콘민트잎추출물, 알로에베라잎추출물, 편백잎추출물, 이눌린, 락토코쿠스발효용해물, 효모추출물, 맥주효모추출물, 베타-글루칸, 비피다발효용해물, 락토바실러스발효용해물, 다이아몬드가루, 금, 비니거, 약모밀추출물, 모란가지/꽃/잎추출물, 모란뿌리추출물, 병풀잎추출물, 하수오뿌리추출물, 홍삼추출물, 생강추출물, 영지버섯추출물, 레티놀, 진흙버섯추출물, 석류추출물, 멘톨, 브라질넛씨오일, 드럼스틱씨오일, 호호바씨오일, 세라마이드엔피, 판테놀, 살리실릭애씨드, 나이아신아마이드, 아크릴아미도프로필트라이모늄클로라이드/아크릴레이트코폴리머, 아크릴레이트/C10-30알킬아크릴레이트크로스폴리머, 폴리쿼터늄-73, 폴리쿼터늄-10, 구아하이드록시프로필트라이모늄클로라이드, 시트릭애씨드, 합성플루오르플로고파이트, 테트라소듐이디티에이, 티타늄디옥사이드(CI 77891), 적색산화철, 폴리솔베이트20, 틴옥사이드, 부틸렌글라이콜, 글리세릴올리에이트, 글리세린, 피이지-크로스폴리머, 펜틸렌글라이콜, 에탄올, 1,2-헥산다이올, 아미노메틸프로판올, 소듐시트레이트, 락틱애씨드, 토코페롤, 피이지-150펜타에리스리틸테트라스테아레이트, 피피지-2하이드록시에틸코카마이드, 셀룰로오스아세테이트부티레이트, 에틸헥실글리세린, 소듐벤조에이트, 카프릴릴글라이콜, 폴리쿼터늄-51, 포타슘솔베이트, 소르빅애씨드, 페녹시에탄올, 콜레스테릴헥실다이카바메이트풀루란, 향료, 리모넨, 벤질벤조에이트, 리날룰, 벤질살리실레이트, 알파-아이소메틸아이오논, 시트로넬올, 헥실신남알, 쿠마린, 제라니올, 하이드록시시트로넬알","지성,건성,민감성,탈모"
35,35,2,https://www.oliveyoung.co.kr/store/goods/getGoodsDetail.do?goodsNo=A000000168894&dispCatNo=1000001000400070003&trackingCd=Cat1000001000400070003_Small&t_page=%EC%B9%B4%ED%85%8C%EA%B3%A0%EB%A6%AC%EA%B4%80&t_click=%EB%91%90%ED%94%BC%ED%8C%A9/%EC%8A%A4%EC%BC%80%EC%9D%BC%EB%9F%AC_%EC%86%8C_%EB%91%90%ED%94%BC%ED%8C%A9/%EC%8A%A4%EC%BC%80%EC%9D%BC%EB%9F%AC__%EC%83%81%ED%92%88%EC%83%81%EC%84%B8&t_number=12,https://image.oliveyoung.co.kr/cfimages/cf-goods/uploads/images/thumbnails/550/10/0000/0016/A00000016889402ko.jpg?l=ko,줄라이미,[단독기획] 줄라이미 퍼퓸 논워시 헤어팩 200ml(3종)+논워시 헤어팩 80ml(추가 증정),4.9,327,"정제수, 글리세린, 미리스틸알코올, 사이클로펜타실록세인, 다이메티콘, 세테아릴알코올, 베헨트라이모늄메토설페이트, 세트리모늄클로라이드, 구아하이드록시프로필트라이모늄클로라이드, 폴리쿼터늄-7, 스테아트라이모늄클로라이드, 프로필렌글라이콜, 부틸렌글라이콜, 마트리카리아꽃추출물, 프리지어추출물, 라벤더추출물, 페퍼민트잎추출물, 베르가못잎추출물, 로즈마리잎추출물, 1,2-헥산다이올, 에틸헥실글리세린, 소듐벤조에이트, 페녹시에탄올, 향료, 시트랄, 시트로넬올, 리모넨, 제라니올, 헥실신남알, 리날룰",건성
36,36,2,https://www.oliveyoung.co.kr/store/goods/getGoodsDetail.do?goodsNo=A000000168895&dispCatNo=1000001000400070003&trackingCd=Cat1000001000400070003_Small&t_page=%EC%B9%B4%ED%85%8C%EA%B3%A0%EB%A6%AC%EA%B4%80&t_click=%EB%91%90%ED%94%BC%ED%8C%A9/%EC%8A%A4%EC%BC%80%EC%9D%BC%EB%9F%AC_%EC%86%8C_%EB%91%90%ED%94%BC%ED%8C%A9/%EC%8A%A4%EC%BC%80%EC%9D%BC%EB%9F%AC__%EC%83%81%ED%92%88%EC%83%81%EC%84%B8&t_number=13,https://image.oliveyoung.co.kr/cfimages/cf-goods/uploads/images/thumbnails/550/10/0000/0016/A00000016889502ko.jpg?l=ko,줄라이미,[단독기획] 줄라이미 퍼퓸 논워시 헤어팩 블랙베리 200ml+논워시 헤어팩 80ml(추가 증정),4.5,17,"정제수, 글리세린, 미리스틸알코올, 사이클로펜타실록세인, 다이메티콘, 세테아릴알코올, 베헨트라이모늄메토설페이트, 세트리모늄클로라이드, 페녹시에탄올, 구아하이드록시프로필트라이모늄클로라이드, 스테아트라이모늄클로라이드, 프로필렌글라이콜, 폴리쿼터늄-7, 소듐벤조에이트, 부틸렌글라이콜, 아사이팜열매추출물, 양벚나무열매추출물, 라즈베리추출물, 크랜베리추출물, 카프릴릴글라이콜, 1,2-헥산다이올, 트로폴론, 향료, 시트로넬올, 리모넨, 리날룰",건성
37,37,2,https://www.oliveyoung.co.kr/store/goods/getGoodsDetail.do?goodsNo=A000000168896&dispCatNo=1000001000400070003&trackingCd=Cat1000001000400070003_Small&t_page=%EC%B9%B4%ED%85%8C%EA%B3%A0%EB%A6%AC%EA%B4%80&t_click=%EB%91%90%ED%94%BC%ED%8C%A9/%EC%8A%A4%EC%BC%80%EC%9D%BC%EB%9F%AC_%EC%86%8C_%EB%91%90%ED%94%BC%ED%8C%A9/%EC%8A%A4%EC%BC%80%EC%9D%BC%EB%9F%AC__%EC%83%81%ED%92%88%EC%83%81%EC%84%B8&t_number=14,https://image.oliveyoung.co.kr/cfimages/cf-goods/uploads/images/thumbnails/550/10/0000/0016/A00000016889602ko.jpg?l=ko,줄라이미,[단독기획] 줄라이미 퍼퓸 논워시 헤어팩 우디 200ml+논워시 헤어팩 80ml(추가 증정),4.8,169,"정제수, 글리세린, 미리스틸알코올, 사이클로펜타실록세인, 다이메티콘, 세테아릴알코올, 베헨트라이모늄메토설페이트, 세트리모늄클로라이드, 구아하이드록시프로필트라이모늄클로라이드, 폴리쿼터늄-7, 스테아트라이모늄클로라이드, 프로필렌글라이콜, 부틸렌글라이콜, 녹차추출물, 약모밀추출물, 익모초꽃/잎/줄기추출물, 연꽃꽃추출물, 불가리스쑥추출물, 1,2-헥산다이올, 소듐벤조에이트, 페녹시에탄올, 향료, 유제놀, 리날룰",건성
38,38,2,https://www.oliveyoung.co.kr/store/goods/getGoodsDetail.do?goodsNo=A000000170000&dispCatNo=1000001000400070003&trackingCd=Cat1000001000400070003_Small&t_page=%EC%B9%B4%ED%85%8C%EA%B3%A0%EB%A6%AC%EA%B4%80&t_click=%EB%91%90%ED%94%BC%ED%8C%A9/%EC%8A%A4%EC%BC%80%EC%9D%BC%EB%9F%AC_%EC%86%8C_%EB%91%90%ED%94%BC%ED%8C%A9/%EC%8A%A4%EC%BC%80%EC%9D%BC%EB%9F%AC__%EC%83%81%ED%92%88%EC%83%81%EC%84%B8&t_number=15,https://image.oliveyoung.co.kr/cfimages/cf-goods/uploads/images/thumbnails/550/10/0000/0017/A00000017000006ko.jpg?l=ko,에퓨놀,에퓨놀 미네랄 솔트 스케일러 150g,4.7,115,"정제수, 소듐C14-16올레핀설포네이트, 다이소듐라우레스설포석시네이트, 라우릴베타인, 소듐코코일이세치오네이트, 코코-글루코사이드, 라우릴하이드록시설테인, 데실글루코사이드, 포스포리피드, 동백나무잎추출물, 캐롭열매추출물, 비누풀추출물, 유자추출물, 달맞이꽃추출물, 당느릅나무뿌리추출물, 대왕송잎추출물, 칡뿌리추출물, 도둑놈의지팡이뿌리추출물, 모하비유카뿌리추출물, 에키네시아뿌리추출물, 인동덩굴꽃추출물, 퀼라자껍질추출물, 티트리잎추출물, 하수오뿌리추출물, 한련초추출물, 락토바실러스/병풀추출발효여과물, 바실러스/잠사추출물발효여과물, 효모/홍삼발효여과물, 감추출물, 병풀추출물, 쐐기풀추출물, 약모밀추출물, 오죽잎추출물, 인카르나타시계꽃전초추출물, 하이드롤라이즈드콜라겐추출물, 사과세포배양추출물, 고추냉이잎추출물, 빙하수, 편백잎추출물, 밀리타리스동충하초균사체추출물, 락토바실러스발효물, 다이프로필렌글라이콜, 부틸렌글라이콜, 1,2-헥산다이올, 글리세린, 코카마이드미파, 소듐클로라이드, 멘톨, 폴리쿼터늄-10, 메틸프로판다이올, 에틸헥실글리세린, 바이오틴, 글리세릴카프릴레이트, 판테놀, 클림바졸, 시트릭애씨드, 피록톤올아민, 살리실릭애씨드, 소듐라우로일메틸아미노프로피오네이트, 프로판다이올, 나이아신아마이드, 페녹시에탄올, 잔탄검, 다이소듐이디티에이, 향료","비듬,지성,건성,민감성,탈모"
39,39,2,https://www.oliveyoung.co.kr/store/goods/getGoodsDetail.do?goodsNo=A000000173633&dispCatNo=1000001000400070003&trackingCd=Cat1000001000400070003_Small&t_page=%EC%B9%B4%ED%85%8C%EA%B3%A0%EB%A6%AC%EA%B4%80&t_click=%EB%91%90%ED%94%BC%ED%8C%A9/%EC%8A%A4%EC%BC%80%EC%9D%BC%EB%9F%AC_%EC%86%8C_%EB%91%90%ED%94%BC%ED%8C%A9/%EC%8A%A4%EC%BC%80%EC%9D%BC%EB%9F%AC__%EC%83%81%ED%92%88%EC%83%81%EC%84%B8&t_number=16,https://image.oliveyoung.co.kr/cfimages/cf-goods/uploads/images/thumbnails/550/10/0000/0017/A00000017363305ko.jpg?l=ko,알페신,알페신 카페인 리퀴드 200ml,4.8,56,"정제수, 변성알코올, 향료, 피이지-40하이드로제네이티드캐스터오일, 판테놀, 멘톨, 카페인(0.24%) 징크피씨에이,나이아신아마이드, 시트릭애씨드, 리모넨, 리날룰, 토코페릴아세테이트, 부틸페닐메틸프로피오날, 시트로넬올, 레티닐아세테이트","민감성,탈모"
40,40,2,https://www.oliveyoung.co.kr/store/goods/getGoodsDetail.do?goodsNo=A000000180941&dispCatNo=1000001000400070003&trackingCd=Cat1000001000400070003_Small&t_page=%EC%B9%B4%ED%85%8C%EA%B3%A0%EB%A6%AC%EA%B4%80&t_click=%EB%91%90%ED%94%BC%ED%8C%A9/%EC%8A%A4%EC%BC%80%EC%9D%BC%EB%9F%AC_%EC%86%8C_%EB%91%90%ED%94%BC%ED%8C%A9/%EC%8A%A4%EC%BC%80%EC%9D%BC%EB%9F%AC__%EC%83%81%ED%92%88%EC%83%81%EC%84%B8&t_number=17,https://image.oliveyoung.co.kr/cfimages/cf-goods/uploads/images/thumbnails/550/10/0000/0018/A00000018094109ko.jpg?l=ko,리필드,[한/중/미 특허] 리필드 사이토카인 탈모앰플 이펙터 15ml,4.5,84,"정제수, 변성알코올, 글리세린, 다이프로필렌글라이콜, 부틸렌글라이콜, 레시틴, 참마뿌리추출물, 제비꽃꽃추출물, 알로에베라잎추출물, 당느릅나무뿌리추출물, 다시마추출물, 엘-멘톨, 1,2-헥산다이올, 살리실릭애씨드, 덱스판테놀, 향료, 알지닌, 카프릴릴글라이콜, 폴리솔베이트20, 카프릴릭/카프릭트라이글리세라이드, 니코티닉애씨드아데닌다이뉴클레오타이드포스페이트, 자일리톨, 삼씨오일, 약모밀추출물, 은행나무잎추출물, 레몬추출물, 편백잎추출물, 밤부사 불가리스추출물, 소나무잎추출물, 측백나무추출물, 글라이신, 프로폴리스추출물, 필리핀오렌지전초오일, 세린, 글루타믹애씨드, 글루타티온, 생강오일, 사이클릭아데노신다이포스페이트리보오스, 아스파틱애씨드, 류신, 폴리글리세릴-4카프레이트, 알라닌, 라이신, 타이로신, 페닐알라닌, 프롤린, 트레오닌, 발린, 아이소류신, 히스티딘, 시스테인, 메티오닌, 나이아신아마이드, 바이오틴, 이노시톨, 소듐아스코빌포스페이트, 토코페롤, 리모넨, 리날룰","지성,건성,민감성,탈모"
41,41,2,https://www.oliveyoung.co.kr/store/goods/getGoodsDetail.do?goodsNo=A000000182330&dispCatNo=1000001000400070003&trackingCd=Cat1000001000400070003_Small&t_page=%EC%B9%B4%ED%85%8C%EA%B3%A0%EB%A6%AC%EA%B4%80&t_click=%EB%91%90%ED%94%BC%ED%8C%A9/%EC%8A%A4%EC%BC%80%EC%9D%BC%EB%9F%AC_%EC%86%8C_%EB%91%90%ED%94%BC%ED%8C%A9/%EC%8A%A4%EC%BC%80%EC%9D%BC%EB%9F%AC__%EC%83%81%ED%92%88%EC%83%81%EC%84%B8&t_number=18,https://image.oliveyoung.co.kr/cfimages/cf-goods/uploads/images/thumbnails/550/10/0000/0018/A00000018233002ko.jpg?l=ko,벤튼,벤튼 어니스트 두피 영양제 토닉 앰플 100ml,4.8,208,"락토바실러스/(약모밀/소엽/차나무)잎발효여과물(60%), 정제수, 부틸렌글라이콜, 맥주효모추출물, 1,2-헥산다이올, 감태추출물, C12-13알케스-9, 글리세린, 프로판다이올, 판테놀, 폴리글리세릴-10라우레이트, 알지닌, 나이아신아마이드, 알란토인, 베타인살리실레이트, 카페인, 하이드롤라이즈드실크, 황련뿌리추출물, 뽕나무껍질추출물, 고삼뿌리추출물, 황금추출물, 소듐파이테이트, 알테로모나스발효추출물, 글라이신, 베타인, 팔미토일트라이펩타이드-5, 아세틸헥사펩타이드-8, 약모밀추출물, 녹차추출물, 소엽잎추출물, 검정콩추출물, 폴리글리세릴-10스테아레이트, 세린, 글루타믹애씨드, 아스파틱애씨드, 류신, 알라닌, 라이신, 타이로신, 페닐알라닌, 발린, 트레오닌, 프롤린, 아이소류신, 바이오틴, 히스티딘, 시스테인, 메티오닌, 소듐아스코빌포스페이트, 베타-글루칸, 폴릭애씨드, 피리독신, 토코페롤, 사이아노코발아민, 베타-카로틴, 리놀레익애씨드, 티아민에이치씨엘, 리보플라빈, 멘톨, 멘틸락테이트, 에틸헥실글리세린, 시트릭애씨드, 소듐시트레이트, 하이드로제네이티드레시틴, 카프릴릴글라이콜, 티트리잎오일, 페퍼민트오일, 향료","건성,민감성,탈모"
42,42,2,https://www.oliveyoung.co.kr/store/goods/getGoodsDetail.do?goodsNo=A000000184627&dispCatNo=1000001000400070003&trackingCd=Cat1000001000400070003_Small&t_page=%EC%B9%B4%ED%85%8C%EA%B3%A0%EB%A6%AC%EA%B4%80&t_click=%EB%91%90%ED%94%BC%ED%8C%A9/%EC%8A%A4%EC%BC%80%EC%9D%BC%EB%9F%AC_%EC%86%8C_%EB%91%90%ED%94%BC%ED%8C%A9/%EC%8A%A4%EC%BC%80%EC%9D%BC%EB%9F%AC__%EC%83%81%ED%92%88%EC%83%81%EC%84%B8&t_number=19,https://image.oliveyoung.co.kr/cfimages/cf-goods/uploads/images/thumbnails/550/10/0000/0018/A00000018462709ko.jpg?l=ko,트리셀,트리셀 카로틴 쿨링 스케일러 250g,4.9,205,"소듐클로라이드, 정제수, 글리세린, 소듐라우로일글루타메이트, 코카마이드메틸엠이에이, 라우릴베타인, 데실글루코사이드, 다이소듐라우레스설포석시네이트, 솔비톨, 씨솔트, 당근, 멘톨, 소듐라우릴설포아세테이트, 카프릴릭/카프릭트라이글리세라이드, 소듐벤조에이트, 시트릭애씨드, 폴리쿼터늄-7, 라벤더오일, 멕시칸주니퍼오일, 포타슘솔베이트, 일랑일랑꽃오일, 로즈마리잎오일, 오렌지오일, 클레리오일, 베르가모트오일, 베티버뿌리오일, 대왕송오일, 알지닌","건성,비듬"
43,43,2,https://www.oliveyoung.co.kr/store/goods/getGoodsDetail.do?goodsNo=A000000185356&dispCatNo=1000001000400070003&trackingCd=Cat1000001000400070003_Small&t_page=%EC%B9%B4%ED%85%8C%EA%B3%A0%EB%A6%AC%EA%B4%80&t_click=%EB%91%90%ED%94%BC%ED%8C%A9/%EC%8A%A4%EC%BC%80%EC%9D%BC%EB%9F%AC_%EC%86%8C_%EB%91%90%ED%94%BC%ED%8C%A9/%EC%8A%A4%EC%BC%80%EC%9D%BC%EB%9F%AC__%EC%83%81%ED%92%88%EC%83%81%EC%84%B8&t_number=20,https://image.oliveyoung.co.kr/cfimages/cf-goods/uploads/images/thumbnails/550/10/0000/0018/A00000018535603ko.jpg?l=ko,올라플렉스,올라플렉스 No.8 본드 인텐스 모이스처 마스크 100ml,4.8,29,"정제수,비스-아미노프로필다이글라이콜다이말리에이트,다이메티콘,세틸알코올,아보카도오일,글리세린,스테아릴알코올,에틸헥실올리베이트,베헨트라이모늄클로라이드,세트리모늄브로마이드,메도우폼씨오일,쌀겨오일,쿼터늄-80,로즈힙씨추출물,세라마이드에이피,세라마이드엔피,하이드롤라이즈드호호바에스터,소듐하이알루로네이트,소듐피씨에이,알지닌,삼씨오일,호호바에스터,판테놀,스쿠알란,잇꽃씨오일,글라이신,알라닌,세린,발린,아이소류신,프롤린,트레오닌,구아하이드록시프로필트라이모늄클로라이드,히스티딘,하이드록시에틸셀룰로오스,페닐알라닌,아스파틱애씨드,피씨에이,포스파티딜콜린,시트릭애씨드,소듐락테이트,에틸헥실글리세린,소듐벤조에이트,페녹시에탄올,비스-세테아릴아모다이메티콘,프로필렌글라이콜,아이소프로필알코올,소듐나이트레이트,토코페롤,향료,시트랄(향료),헥실신남알(향료),리모넨(향료)","건성,민감성,지루성,탈모"
44,44,2,https://www.oliveyoung.co.kr/store/goods/getGoodsDetail.do?goodsNo=A000000191352&dispCatNo=1000001000400070003&trackingCd=Cat1000001000400070003_Small&t_page=%EC%B9%B4%ED%85%8C%EA%B3%A0%EB%A6%AC%EA%B4%80&t_click=%EB%91%90%ED%94%BC%ED%8C%A9/%EC%8A%A4%EC%BC%80%EC%9D%BC%EB%9F%AC_%EC%86%8C_%EB%91%90%ED%94%BC%ED%8C%A9/%EC%8A%A4%EC%BC%80%EC%9D%BC%EB%9F%AC__%EC%83%81%ED%92%88%EC%83%81%EC%84%B8&t_number=21,https://image.oliveyoung.co.kr/cfimages/cf-goods/uploads/images/thumbnails/550/10/0000/0019/A00000019135201ko.jpg?l=ko,아베다,아베다 보태니컬 리페어 인텐시브 마스크 라이트 150ML,0.0,0,"정제수,세테아릴알코올,스테아라미도프로필다이메틸아민,베헤닐알코올,베헨트라이모늄클로라이드,글리세린,다이스테아릴다이모늄클로라이드,아보카도오일,잉카피넛씨오일,유차나무씨오일,해바라기씨오일,메도우폼씨오일,베헤닐/옥틸도데실프로판다이올시트레이트크로스폴리머,옥틸도데실시트레이트크로스폴리머,하이드록시프로필암모늄글루코네이트,하이드록시프로필글루콘아마이드,비스-에틸(아이소스테아릴이미다졸린)아이소스테아라마이드,토코페롤,락틱애씨드,코코-카프릴레이트/카프레이트,헵틸운데실레네이트,하이드록시에틸셀룰로오스,소듐글루코네이트,스쿠알란,벤질알코올,향료,리날룰,제라니올,아밀신남알,벤질살리실레이트,시트로넬올,하이드록시시트로넬알,시트랄,벤질벤조에이트,리모넨,타타릭애씨드,소듐벤조에이트,포타슘솔베이트,페녹시에탄올 [ILN47653] - 제공된 성분은 동일 제품이라도 경우에 따라 변경될 수 있습니다. 최신정보는 제품 포장의 성분을 참고하시거나 본사 고객관리지원팀으로 연락 부탁 드립니다.","건성,민감성,지루성"
45,45,2,https://www.oliveyoung.co.kr/store/goods/getGoodsDetail.do?goodsNo=A000000191357&dispCatNo=1000001000400070003&trackingCd=Cat1000001000400070003_Small&t_page=%EC%B9%B4%ED%85%8C%EA%B3%A0%EB%A6%AC%EA%B4%80&t_click=%EB%91%90%ED%94%BC%ED%8C%A9/%EC%8A%A4%EC%BC%80%EC%9D%BC%EB%9F%AC_%EC%86%8C_%EB%91%90%ED%94%BC%ED%8C%A9/%EC%8A%A4%EC%BC%80%EC%9D%BC%EB%9F%AC__%EC%83%81%ED%92%88%EC%83%81%EC%84%B8&t_number=22,https://image.oliveyoung.co.kr/cfimages/cf-goods/uploads/images/thumbnails/550/10/0000/0019/A00000019135702ko.jpg?l=ko,아베다,아베다 보태니컬 리페어 인텐시브 마스크 리치 200ML,5.0,2,"정제수,세테아릴알코올,스테아라미도프로필다이메틸아민,베헨트라이모늄메토설페이트,디세틸디모늄클로라이드,아보카도오일,잉카피넛씨오일,유차나무씨오일,시어버터,코코넛야자오일,해바라기씨오일,칸데릴라왁스,베헤닐/옥틸도데실프로판다이올시트레이트크로스폴리머,옥틸도데실시트레이트크로스폴리머,하이드록시프로필암모늄글루코네이트,하이드록시프로필글루콘아마이드,비스-에틸(아이소스테아릴이미다졸린)아이소스테아라마이드,토코페롤,프로판다이올,락틱애씨드,트라이카프릴릴시트레이트,헵틸운데실레네이트,세틸하이드록시에틸셀룰로오스,스쿠알란,아이소프로필알코올,세트리모늄클로라이드,향료,아밀신남알,시트랄,제라니올,시트로넬올,벤질살리실레이트,벤질벤조에이트,리날룰,하이드록시시트로넬알,리모넨,벤질알코올,타타릭애씨드,소듐벤조에이트,카프릴릴글라이콜,포타슘솔베이트,페녹시에탄올 [ILN47313] - 제공된 성분은 동일 제품이라도 경우에 따라 변경될 수 있습니다. 최신정보는 제품 포장의 성분을 참고하시거나 본사 고객관리지원팀으로 연락 부탁 드립니다.","건성,민감성,지루성"
46,46,2,https://www.oliveyoung.co.kr/store/goods/getGoodsDetail.do?goodsNo=A000000199023&dispCatNo=1000001000400070003&trackingCd=Cat1000001000400070003_Small&t_page=%EC%B9%B4%ED%85%8C%EA%B3%A0%EB%A6%AC%EA%B4%80&t_click=%EB%91%90%ED%94%BC%ED%8C%A9/%EC%8A%A4%EC%BC%80%EC%9D%BC%EB%9F%AC_%EC%86%8C_%EB%91%90%ED%94%BC%ED%8C%A9/%EC%8A%A4%EC%BC%80%EC%9D%BC%EB%9F%AC__%EC%83%81%ED%92%88%EC%83%81%EC%84%B8&t_number=23,https://image.oliveyoung.co.kr/cfimages/cf-goods/uploads/images/thumbnails/550/10/0000/0019/A00000019902307ko.jpg?l=ko,무백,무백 아하바하 퓨리파잉 두피스케일러 250ml,4.6,54,"정제수, 다이소듐라우레스설포석시네이트, 라우릴글루코사이드, 글리세린, 다이소듐코 코암포다이아세테이트, 부틸렌글라이콜, 1,2-헥산다이올, 소듐클로라이드, 멘톨, 피록톤 올아민, 글라이콜릭애씨드, 피피지-3카프릴릴에터, 판테놀, 살리실릭애씨드, 구아하이 드록시프로필트라이모늄클 로라이드, 베타인, 알란토인, 나이아신아마이드, 다이소듐이 디티에이, 블랙윌로우나무껍질추출물, 인도멀구슬나무잎추출물, 인도멀구슬나무꽃추 출물, 알로에베라잎즙, 아이비고드열매추출물, 티트리잎추출물, 호박가루, 가지열매추 출물, 로즈마리잎추출물, 홀리바질잎추출물, 울금뿌리추출 물, 참산호말추출물, 드럼스 틱씨오일, 라벤더꽃추출물, 베르가못잎추출물, 페퍼민트잎추출물, 프리지아추출물, 마 트리카리아꽃추출물, 캐모마일 꽃추출물, 라벤더추출물, 유칼립투스잎추출물, 타임추출 물, 레몬밤추출물, 타임꽃/잎추출물, 마테잎추출물, 생강추출물, 쇠비름추출물, 에틸헥실 글 리세린, 카프릴릴글라이콜, 씨솔트, 향료","비듬,지성,건성,민감성,탈모"
47,47,2,https://www.oliveyoung.co.kr/store/goods/getGoodsDetail.do?goodsNo=A000000200401&dispCatNo=1000001000400070003&trackingCd=Cat1000001000400070003_Small&t_page=%EC%B9%B4%ED%85%8C%EA%B3%A0%EB%A6%AC%EA%B4%80&t_click=%EB%91%90%ED%94%BC%ED%8C%A9/%EC%8A%A4%EC%BC%80%EC%9D%BC%EB%9F%AC_%EC%86%8C_%EB%91%90%ED%94%BC%ED%8C%A9/%EC%8A%A4%EC%BC%80%EC%9D%BC%EB%9F%AC__%EC%83%81%ED%92%88%EC%83%81%EC%84%B8&t_number=24,https://image.oliveyoung.co.kr/cfimages/cf-goods/uploads/images/thumbnails/550/10/0000/0020/A00000020040106ko.jpg?l=ko,클로란,클로란 피오니 두피팩 150ml 기획 (+키티버니포니 파우치),4.8,1766,"정제수,펜틸렌글라이콜,하이드록시프로필스타치포스페이트,베타인,글리세린,베헨아미도프로필다이메틸아민,프로필렌글라이콜,작약뿌리추출물,향료,락틱애씨드,스클레로튬검,트라이소듐에틸렌다이아민다이석시네이트","건성,민감성"
48,48,3,https://www.oliveyoung.co.kr/store/goods/getGoodsDetail.do?goodsNo=A000000202415&dispCatNo=1000001000400070003&trackingCd=Cat1000001000400070003_Small&t_page=%EC%B9%B4%ED%85%8C%EA%B3%A0%EB%A6%AC%EA%B4%80&t_click=%EB%91%90%ED%94%BC%ED%8C%A9/%EC%8A%A4%EC%BC%80%EC%9D%BC%EB%9F%AC_%EC%86%8C_%EB%91%90%ED%94%BC%ED%8C%A9/%EC%8A%A4%EC%BC%80%EC%9D%BC%EB%9F%AC__%EC%83%81%ED%92%88%EC%83%81%EC%84%B8&t_number=1,https://image.oliveyoung.co.kr/cfimages/cf-goods/uploads/images/thumbnails/550/10/0000/0020/A00000020241504ko.jpg?l=ko,라보에이치,라보에이치 두피강화클리닉 스케일러 탈모증상완화 208g,4.7,509,"정제수, 소듐클로라이드, 다이소듐코코일글루타메이트, 포타슘코코일글리시네이트, 라우릭애씨드, 하이드록시프로필스타치포스페이트, 코카미도프로필베타인, 코코-글루코사이드, 씨솔트, 카페인, 데실글루코사이드, 페퍼민트오일, 멘톨, 카프릴릴글라이콜, 코카마이드엠이에이, 마이크로크리스탈린셀룰로오스, 스타아니스열매/씨오일, 시트릭애씨드, 로즈마리잎오일, 글루코노락톤, 덱스트린, 폴리쿼터늄-7, 연필향나무오일, 솔비톨, 옥수수전분, 에틸헥실글리세린, 콘민트오일, 소듐벤조에이트, 수크로오스, 테트라소듐이디티에이, 유칼립투스잎오일, 크로뮴하이드록사이드그린, 소듐살리실레이트, 클림바졸, 살리실릭애씨드, 바질오일, 락토바실러스발효용해물, 부틸렌글라이콜, 토코페릴아세테이트, 캐모마일꽃오일, 하이드로제네이티드레시틴, 향기제비꽃잎추출물, 녹차수, 1,2-헥산다이올, 토코페롤, 연꽃추출물, 왕대수액, 카올린, 다이소듐이디티에이","지성,건성,탈모"
49,49,3,https://www.oliveyoung.co.kr/store/goods/getGoodsDetail.do?goodsNo=A000000203083&dispCatNo=1000001000400070003&trackingCd=Cat1000001000400070003_Small&t_page=%EC%B9%B4%ED%85%8C%EA%B3%A0%EB%A6%AC%EA%B4%80&t_click=%EB%91%90%ED%94%BC%ED%8C%A9/%EC%8A%A4%EC%BC%80%EC%9D%BC%EB%9F%AC_%EC%86%8C_%EB%91%90%ED%94%BC%ED%8C%A9/%EC%8A%A4%EC%BC%80%EC%9D%BC%EB%9F%AC__%EC%83%81%ED%92%88%EC%83%81%EC%84%B8&t_number=2,https://image.oliveyoung.co.kr/cfimages/cf-goods/uploads/images/thumbnails/550/10/0000/0020/A00000020308310ko.jpg?l=ko,저스트에즈아이엠,아이엠 헤어마스크 N1 데미지드 헤어 리페어 220ml,4.9,95,"정제수, 다이프로필렌글라이콜, 프로필렌글라이콜, 에틸헥실팔미테이트, 세테아릴알코올, 세틸알코올, 베헤닐알코올, 시어버터, 스테아트라이모늄클로라이드, 베헨트라이모늄클로라이드, 스쿠알란, 올리브오일, 올리브나무잎추출물, 스트렙토코쿠스 테르모필루스발효물, 홀리바질잎추출물, 인도멀구슬나무잎추출물, 인도멀구슬나무꽃추출물, 울금뿌리추출물, 참산호말추출물, 해바라기씨오일, 토코페롤, 부틸렌글라이콜, 포타슘솔베이트, 하이드록시에틸셀룰로오스, 1,2-헥산다이올, 시트릭애씨드, 스클레로튬검, 다이소듐이디티에이, 글리세린, 말토덱스트린, 클로렐라발효물, 펜틸렌글라이콜, 다이소듐포스페이트, 폴리솔베이트60, 사이클로덱스트린, 소듐포스페이트, 하이드롤라이즈드밀단백질, 구아검, 잔탄검, 파이틱애씨드, 소듐벤조에이트, 향료, 헥실신남알, 리모넨, 리날룰, 시트로넬올","건성,지루성"
50,50,3,https://www.oliveyoung.co.kr/store/goods/getGoodsDetail.do?goodsNo=A000000204493&dispCatNo=1000001000400070003&trackingCd=Cat1000001000400070003_Small&t_page=%EC%B9%B4%ED%85%8C%EA%B3%A0%EB%A6%AC%EA%B4%80&t_click=%EB%91%90%ED%94%BC%ED%8C%A9/%EC%8A%A4%EC%BC%80%EC%9D%BC%EB%9F%AC_%EC%86%8C_%EB%91%90%ED%94%BC%ED%8C%A9/%EC%8A%A4%EC%BC%80%EC%9D%BC%EB%9F%AC__%EC%83%81%ED%92%88%EC%83%81%EC%84%B8&t_number=3,https://image.oliveyoung.co.kr/cfimages/cf-goods/uploads/images/thumbnails/550/10/0000/0020/A00000020449310ko.jpg?l=ko,나르카,나르카 컨피던트 딥 트리트먼트 헤어 팩 290ml,4.8,71,"정제수, 다이메티콘, 글리세린, 세틸알코올, 비즈왁스, 베헤닐알코올, 베헨트라이모늄메토설페이트, 올레익/리놀레익/리놀레닉폴리글리세라이즈, 세테아릴알코올, 스테아라미도프로필다이메틸아민, 쿼터늄-87, 베헨트라이모늄클로라이드, 하이드롤라이즈드식물성단백질, 스쿠알란, 호호바씨오일, 시어버터, 망고씨버터, 쿠푸아수씨버터, 아보카도열매추출물, 황련뿌리추출물, 맥아추출물, 부틸렌글라이콜, 다이프로필렌글라이콜, 프로필렌글라이콜, 시트릭애씨드, 아미노프로필다이메티콘, 카프릴릴글라이콜, 카프릴릴메티콘, 세테아릴다이메티콘크로스폴리머, 구아하이드록시프로필트라이모늄클로라이드, 글리세릴카프릴레이트, 1,2-헥산다이올, 소듐벤조에이트, 토코페롤, 에틸헥실글리세린, 향료, 리모넨, 벤질살리실레이트, 아밀신남알","건성,지루성"
51,51,3,https://www.oliveyoung.co.kr/store/goods/getGoodsDetail.do?goodsNo=A000000205852&dispCatNo=1000001000400070003&trackingCd=Cat1000001000400070003_Small&t_page=%EC%B9%B4%ED%85%8C%EA%B3%A0%EB%A6%AC%EA%B4%80&t_click=%EB%91%90%ED%94%BC%ED%8C%A9/%EC%8A%A4%EC%BC%80%EC%9D%BC%EB%9F%AC_%EC%86%8C_%EB%91%90%ED%94%BC%ED%8C%A9/%EC%8A%A4%EC%BC%80%EC%9D%BC%EB%9F%AC__%EC%83%81%ED%92%88%EC%83%81%EC%84%B8&t_number=4,https://image.oliveyoung.co.kr/cfimages/cf-goods/uploads/images/thumbnails/550/10/0000/0020/A00000020585207ko.jpg?l=ko,달리프,[손상모/윤기케어] 달리프 오리진 헤어팩 트리트먼트 250ml*2입 기획세트,4.8,129,"정제수, 사이클로펜타실록세인, 세틸알코올, 프로필렌글라이콜, 베헨트라이모늄클로라이드, 스테아릴알코올, 1,2-헥산다이올, 향료, 다이메티콘, 효모/꿀발효여과물, 락토바실러스, 류코노스톡/무발효여과물, 글라이신, 글루타믹애씨드, 프롤린, 아스파틱애씨드, 알라닌, 라이신, 류신, 알지닌, 발린, 트레오닌, 세린, 아이소류신, 페닐알라닌, 히스티딘, 메티오닌, 타이로신, 시스틴, 동백나무씨오일, 아보카도오일, 아나토씨오일, 올리브오일, 해바라기씨오일, 아이소프로필알코올, 미리스틸알코올, 세트리모늄클로라이드, 사이클로헥사실록세인, 라우릴알코올, 라우레스-20, 라우레스-3, 다이프로필렌글라이콜, 토코페릴아세테이트, 카프릴릴글라이콜, 카프릴하이드록사믹애씨드, 글리세린, 메틸프로판다이올, 부틸렌글라이콜, 다이소듐이디티에이, 에틸헥실글리세린",건성
52,52,3,https://www.oliveyoung.co.kr/store/goods/getGoodsDetail.do?goodsNo=A000000211314&dispCatNo=1000001000400070003&trackingCd=Cat1000001000400070003_Small&t_page=%EC%B9%B4%ED%85%8C%EA%B3%A0%EB%A6%AC%EA%B4%80&t_click=%EB%91%90%ED%94%BC%ED%8C%A9/%EC%8A%A4%EC%BC%80%EC%9D%BC%EB%9F%AC_%EC%86%8C_%EB%91%90%ED%94%BC%ED%8C%A9/%EC%8A%A4%EC%BC%80%EC%9D%BC%EB%9F%AC__%EC%83%81%ED%92%88%EC%83%81%EC%84%B8&t_number=5,https://image.oliveyoung.co.kr/cfimages/cf-goods/uploads/images/thumbnails/550/10/0000/0021/A00000021131402ko.jpg?l=ko,민트리,[두피치약] 민트리 스파클링 스칼프 스케일러 75g (15gx5ea),5.0,157,"정제수, 글리세린, 라우릴글루코사이드, 다이소듐코코암포다이아세테이트, 메틸퍼플루오로아이소부틸에터, 메틸퍼플루오로부틸에터, 다이소듐라우레스설포석시네이트, 아크릴레이트코폴리머, 소듐코코일알라니네이트, 소듐클로라이드, 멘톨, 페퍼민트오일, 코카미도프로필베타인, 베타인, 카프릴릴글라이콜, 살리실릭애씨드, 판테놀, 에탄올, 나이아신아마이드, 다이프로필렌글라이콜, 알란토인, 글리세릴카프릴레이트, 리모넨, 바이오틴, 창포뿌리추출물, 병풀잎추출물, 부틸렌글라이콜, 검정콩추출물, 락토코쿠스발효용해물, 비피다발효용해물, 락토바실러스발효용해물, 1,2-헥산다이올, 하이드로제네이티드레시틴, 아시아티코사이드, 마데카식애씨드, 아시아틱애씨드, 베타-글루칸, 세라마이드엔피","비듬,지성,건성,민감성,탈모"
53,53,3,https://www.oliveyoung.co.kr/store/goods/getGoodsDetail.do?goodsNo=A000000157786&dispCatNo=1000001000400070003&trackingCd=Cat1000001000400070003_Small&t_page=%EC%B9%B4%ED%85%8C%EA%B3%A0%EB%A6%AC%EA%B4%80&t_click=%EB%91%90%ED%94%BC%ED%8C%A9/%EC%8A%A4%EC%BC%80%EC%9D%BC%EB%9F%AC_%EC%86%8C_%EB%91%90%ED%94%BC%ED%8C%A9/%EC%8A%A4%EC%BC%80%EC%9D%BC%EB%9F%AC__%EC%83%81%ED%92%88%EC%83%81%EC%84%B8&t_number=6,https://image.oliveyoung.co.kr/cfimages/cf-goods/uploads/images/thumbnails/550/10/0000/0015/A00000015778615ko.jpg?l=ko,클로란,클로란 석류 컬러 프로텍션 헤어팩 200ml (염색유지&손상모발),4.5,153,"정제수, 세테아릴알코올, 하이드록시프로필스타치포스페이트, 다이카프릴릴카보네이트, 에탄올, 베헨아미도프로필다이메틸아민, 세테아레스-33, 벤조익애씨드, 세트리모늄클로라이드, 시트릭애씨드, 향료, 하이드롤라이즈드밀단백질, 페녹시에탄올, 폴리쿼터늄-37, 석류나무추출물, 적색227호, 소듐벤조에이트, 토코페롤, 트라이소듐에틸렌다이아민다이석시네이트",
54,54,3,https://www.oliveyoung.co.kr/store/goods/getGoodsDetail.do?goodsNo=A000000157788&dispCatNo=1000001000400070003&trackingCd=Cat1000001000400070003_Small&t_page=%EC%B9%B4%ED%85%8C%EA%B3%A0%EB%A6%AC%EA%B4%80&t_click=%EB%91%90%ED%94%BC%ED%8C%A9/%EC%8A%A4%EC%BC%80%EC%9D%BC%EB%9F%AC_%EC%86%8C_%EB%91%90%ED%94%BC%ED%8C%A9/%EC%8A%A4%EC%BC%80%EC%9D%BC%EB%9F%AC__%EC%83%81%ED%92%88%EC%83%81%EC%84%B8&t_number=7,https://image.oliveyoung.co.kr/cfimages/cf-goods/uploads/images/thumbnails/550/10/0000/0015/A00000015778815ko.jpg?l=ko,클로란,클로란 쿠푸아수 버터 리페어 헤어팩 200ml (극손상모발&스타일링),4.6,73,"정수, 글라이콜팔미테이트, 카프릴릭/카프릭트라이글리세라이드, 코코넛야자오일, 베헨아미도프로필다이메틸아민, 세테아릴알코올, 베헤닐알코올, 글리세린, 다이카프릴릴카보네이트, 베타인, 쿠푸아수씨버터(1.1994%), 1.2-헥산다이올, 해바라기씨오일, 토코페롤, 벤조익애씨드, 카라멜, 세테아릴글루코사이드, 향료, 구아하이드록시프로필트라이모늄클로라이드, 락틱애씨드","건성,민감성"
55,55,3,https://www.oliveyoung.co.kr/store/goods/getGoodsDetail.do?goodsNo=A000000163505&dispCatNo=1000001000400070003&trackingCd=Cat1000001000400070003_Small&t_page=%EC%B9%B4%ED%85%8C%EA%B3%A0%EB%A6%AC%EA%B4%80&t_click=%EB%91%90%ED%94%BC%ED%8C%A9/%EC%8A%A4%EC%BC%80%EC%9D%BC%EB%9F%AC_%EC%86%8C_%EB%91%90%ED%94%BC%ED%8C%A9/%EC%8A%A4%EC%BC%80%EC%9D%BC%EB%9F%AC__%EC%83%81%ED%92%88%EC%83%81%EC%84%B8&t_number=8,https://image.oliveyoung.co.kr/cfimages/cf-goods/uploads/images/thumbnails/550/10/0000/0016/A00000016350506ko.jpg?l=ko,그로우어스,그로우어스 씨솔트 테라피 두피스케일러 120g,4.6,497,"소듐클로라이드(352,840ppm), 해수(150,000ppm), 정제수, 글리세린, 코카마이드미파, 소듐라우로일글루타메이트, 데실글루코사이드, 라우릴베타인, 다이소듐라우레스설포석시네이트, 글라이콜다이스테아레이트, 솔비톨, 카프릴릴글라이콜, 멘톨, 다시마가루, 살리실릭애씨드, 판테놀, 구아하이드록시프로필트라이모늄클로라이드, 나이아신아마이드, 다이소듐이디티에이, 씨솔트(1,000ppm), 카라멜, 다이프로필렌글라이콜, 글리세릴카프릴레이트, 부틸렌글라이콜, 스피룰리나 플라텐시스추출물, 1,2-헥산다이올, 다시마추출물, 미역추출물, 에틸헥실글리세린, 향료, 알파-아이소메틸아이오논, 리모넨, 리날룰","비듬,지성,건성,민감성,탈모"
56,56,3,https://www.oliveyoung.co.kr/store/goods/getGoodsDetail.do?goodsNo=A000000166462&dispCatNo=1000001000400070003&trackingCd=Cat1000001000400070003_Small&t_page=%EC%B9%B4%ED%85%8C%EA%B3%A0%EB%A6%AC%EA%B4%80&t_click=%EB%91%90%ED%94%BC%ED%8C%A9/%EC%8A%A4%EC%BC%80%EC%9D%BC%EB%9F%AC_%EC%86%8C_%EB%91%90%ED%94%BC%ED%8C%A9/%EC%8A%A4%EC%BC%80%EC%9D%BC%EB%9F%AC__%EC%83%81%ED%92%88%EC%83%81%EC%84%B8&t_number=9,https://image.oliveyoung.co.kr/cfimages/cf-goods/uploads/images/thumbnails/550/10/0000/0016/A00000016646201ko.jpg?l=ko,디오디너리,디오디너리 헤어 케어 설페이트 4% 클렌저 포 바디 앤 헤어 240ml,4.4,12,"정제수, 소듐라우레스설페이트, 폴리솔베이트20, 잔탄검, 토코페롤, 파이틱애씨드, 트라이소듐에틸렌다이아민다이석시네이트, 벤질알코올, 에틸헥실글리세린, 페녹시에탄올, 클로페네신",건성
57,57,3,https://www.oliveyoung.co.kr/store/goods/getGoodsDetail.do?goodsNo=A000000169210&dispCatNo=1000001000400070003&trackingCd=Cat1000001000400070003_Small&t_page=%EC%B9%B4%ED%85%8C%EA%B3%A0%EB%A6%AC%EA%B4%80&t_click=%EB%91%90%ED%94%BC%ED%8C%A9/%EC%8A%A4%EC%BC%80%EC%9D%BC%EB%9F%AC_%EC%86%8C_%EB%91%90%ED%94%BC%ED%8C%A9/%EC%8A%A4%EC%BC%80%EC%9D%BC%EB%9F%AC__%EC%83%81%ED%92%88%EC%83%81%EC%84%B8&t_number=10,https://image.oliveyoung.co.kr/cfimages/cf-goods/uploads/images/thumbnails/550/10/0000/0016/A00000016921008ko.jpg?l=ko,클로란,클로란 아쿠아민트 두피팩 150ml 기획 (두피항산화&쿨링),4.8,580,"정제수, 베헨아미도프로필다이메틸아민, 베헤닐알코올, 글리세린, 다이카프릴릴카보네이트, 베타인, 락틱애씨드, 하이드록시프로필스타치포스페이트, C14-22알코올, 카프릴릭/카프릭트라이글리세라이드, 워터민트꽃/잎/줄기추출물(0.12%),멘톨,벤질살리실레이트,C12-20알킬글루코사이드, 시트릭애씨드, 향료, 구아하이드록시프로필트라이모늄클로라이드, 리날룰, 페녹시에탄올, 프로판다이올, 살리실릭애씨드, 소듐벤조에이트, 토코페롤, 트라이소듐에틸렌다이아민다이석시네이트","지성,건성,민감성"
58,58,3,https://www.oliveyoung.co.kr/store/goods/getGoodsDetail.do?goodsNo=A000000188383&dispCatNo=1000001000400070003&trackingCd=Cat1000001000400070003_Small&t_page=%EC%B9%B4%ED%85%8C%EA%B3%A0%EB%A6%AC%EA%B4%80&t_click=%EB%91%90%ED%94%BC%ED%8C%A9/%EC%8A%A4%EC%BC%80%EC%9D%BC%EB%9F%AC_%EC%86%8C_%EB%91%90%ED%94%BC%ED%8C%A9/%EC%8A%A4%EC%BC%80%EC%9D%BC%EB%9F%AC__%EC%83%81%ED%92%88%EC%83%81%EC%84%B8&t_number=11,https://image.oliveyoung.co.kr/cfimages/cf-goods/uploads/images/thumbnails/550/10/0000/0018/A00000018838301ko.jpg?l=ko,허니체,허니체 딥 모이스트 리페어 헤어 마스크 200g,0.0,0,정제수 다이메티콘 하이드로제네이티드폴리아이소부텐 다이프로필렌글라이콜 세테아릴알코올 베헨트라이모늄클로라이드 글리세릴스테아레이트에스이 아이소프로필알코올 아모다이메티콘 스테아트라이모늄클로라이드 향료 페닐트라이메티콘 프로필렌글라이콜 페녹시에탄올 소듐벤조에이트 시트릭애씨드 부틸페닐메틸프로피오날 헥실신남알 리모넨 맥아추출물 시트로넬올 리날룰 돌콩스테롤 시어버터 벌꿀 글리세린 테아닌 에틸헥실글리세린 우유지질 글루타티온,건성
